"GIUDIZIO","GENERE","NAZIONE","ANNO","DURATA","VISIBILITÃ€"
4,"DRA","AUS",75,115,"GEN"
2,"COM","AUS",92,94,"GEN"
2,"COM","AUS",83,92,"TUT"
3,"DRA","BFASO",90,78,"ADU"
2,"DRA","CAN",80,83,"GEN"
2,"HOR","CAN",80,108,"GEN"
2,"AVV","CAN",90,93,"TUT"
1,"CMC","CAN",81,94,"ADU"
4,"DRA","CIN",93,110,"GEN"
2,"GIA","FRA",88,100,"GEN"
3,"POL","FRA",75,110,"GEN"
2,"THR","FRA",66,94,"ADU"
2,"STO","FRA",61,105,"GEN"
3,"COM","FRA",92,96,"GEN"
2,"STO","FRA",90,101,"GEN"
3,"COM","FRA",89,105,"TUT"
3,"COM","FRA",92,92,"TUT"
2,"DRA","FRA",90,132,"GEN"
1,"DRA","FRA",91,110,"GEN"
2,"COM","FRA",73,105,"ADU"
3,"AVV","FRA",71,100,"GEN"
3,"GIA","FRA",65,90,"GEN"
4,"POL","FRA",54,94,"GEN"
2,"DRA","FRA",57,95,"GEN"
2,"SEN","FRA",52,90,"GEN"
3,"DRA","GB",84,90,"ADU"
2,"THR","GB",77,106,"GEN"
2,"GIA","GB",59,85,"GEN"
4,"AVV","GB",62,212,"ADU"
2,"SPI","GB",71,100,"GEN"
3,"DRA","GB",63,129,"GEN"
3,"SEN","GB",45,85,"GEN"
2,"SPI","GB",73,121,"GEN"
2,"DRA","GB",48,113,"ADU"
2,"AVV","GB",83,130,"GEN"
2,"FAN","GB",86,101,"ADU"
2,"COM","GB",62,95,"TUT"
3,"COM","GB",86,97,"TUT"
2,"COM","GB",88,99,"GEN"
3,"DRA","GB",88,112,"ADU"
2,"DRA","GB",74,95,"GEN"
1,"AZI","GB",73,120,"GEN"
2,"AVV","GB",75,100,"TUT"
4,"THR","GB",37,80,"GEN"
2,"AZI","GB",81,127,"GEN"
2,"COM","GB",66,108,"GEN"
3,"DRA","GB",87,97,"GEN"
2,"BEL","GB",77,158,"GEN"
2,"POL","GB",71,100,"GEN"
2,"AVV","GB",63,83,"GEN"
2,"COM","GB",69,90,"GEN"
2,"DRA","GB",68,121,"ADU"
2,"COM","GB",92,89,"GEN"
4,"COM","GB",46,104,"ADU"
2,"THR","GB",92,128,"GEN"
2,"DRA","GB",60,93,"ADU"
2,"DRA","GB",67,148,"GEN"
2,"DRA","GB",88,105,"GEN"
3,"AVV","GB",78,135,"GEN"
2,"COM","GB",49,92,"GEN"
3,"GIA","GB",72,115,"ADU"
3,"DRA","GB",88,112,"ADU"
1,"FAN","GER",83,96,"ADU"
2,"DRA","GER",61,110,"GEN"
2,"COM","GER",89,85,"ADU"
4,"DRA","GER",31,99,"GEN"
2,"COM","ITA",84,105,"TUT"
2,"COM","ITA",58,95,"GEN"
3,"DRA","ITA",80,100,"GEN"
2,"BEL","ITA",68,100,"ADU"
2,"COM","ITA",85,102,"GEN"
3,"DRA","ITA",60,98,"ADU"
2,"DRA","ITA",77,105,"GEN"
3,"BEL","ITA",86,130,"GEN"
2,"SPI","ITA",67,80,"GEN"
2,"BIO","ITA",71,137,"TUT"
2,"COM","ITA",57,91,"TUT"
2,"DRA","ITA",82,104,"ADU"
3,"DRA","ITA",51,100,"ADU"
2,"DRA","ITA",73,112,"ADU"
2,"AVV","ITA",69,101,"GEN"
1,"CMC","ITA",75,130,"ADU"
2,"COM","ITA",63,90,"GEN"
2,"DRA","ITA",90,120,"ADU"
3,"DRA","ITA",86,125,"ADU"
1,"CMC","ITA",88,103,"ADU"
2,"DRA","ITA",59,95,"GEN"
4,"DRA","ITA",68,98,"ADU"
2,"DRA","ITA",90,90,"ADU"
3,"DRA","ITA",94,89,"ADU"
2,"AVV","ITA",87,92,"TUT"
1,"CMC","ITA",81,85,"GEN"
3,"DRA","ITA",50,95,"GEN"
1,"CMC","ITA",71,90,"TUT"
1,"AVV","ITA",82,98,"GEN"
2,"COM","ITA",86,94,"GEN"
2,"AVV","ITA",73,128,"GEN"
1,"ERO","ITA",85,100,"ADU"
2,"DRA","ITA",86,168,"ADU"
1,"COM","ITA",84,98,"TUT"
4,"DRA","ITA",50,107,"GEN"
3,"DRA","ITA",62,105,"GEN"
2,"COM","ITA",73,102,"GEN"
2,"COM","ITA",78,115,"TUT"
2,"COM","ITA",90,125,"GEN"
2,"DRA","ITA",92,85,"GEN"
1,"DRA","ITA",59,96,"TUT"
2,"COM","ITA",94,97,"ADU"
3,"COM","ITA",74,110,"GEN"
1,"DRA","ITA",93,105,"GEN"
4,"DRA","ITA",91,88,"ADU"
2,"DRA","ITA",54,100,"ADU"
1,"COM","ITA",81,91,"ADU"
2,"DRA","ITA",52,90,"ADU"
4,"COM","ITA",91,98,"ADU"
2,"COM","ITA",52,88,"GEN"
3,"COM","ITA",63,119,"ADU"
2,"MUS","ITA",66,110,"GEN"
2,"COM","ITA",62,98,"TUT"
3,"DRA","ITA",60,105,"ADU"
2,"COM","ITA",90,100,"GEN"
2,"COM","ITA",40,90,"TUT"
2,"COM","ITA",87,89,"GEN"
2,"COM","ITA",61,95,"TUT"
3,"COM","ITA",42,86,"GEN"
1,"DRA","ITA",92,105,"ADU"
2,"COM","ITA",91,115,"GEN"
2,"POL","ITA",67,105,"GEN"
2,"COM","ITA",81,105,"GEN"
1,"COM","ITA",73,118,"TUT"
1,"COM","ITA",90,105,"ADU"
2,"COM","ITA",86,87,"GEN"
2,"COM","ITA",92,100,"TUT"
2,"COM","ITA",89,90,"ADU"
1,"COM","ITA",63,100,"GEN"
2,"COM","ITA",84,128,"ADU"
2,"COM","ITA",59,104,"GEN"
1,"COM","ITA",83,91,"TUT"
2,"BEL","ITA",67,103,"GEN"
3,"COM","ITA",89,90,"TUT"
3,"DRA","ITA",92,106,"ADU"
2,"COM","ITA",92,105,"GEN"
2,"CMC","ITA",91,88,"TUT"
1,"COM","ITA",70,95,"TUT"
1,"CMC","ITA",93,108,"GEN"
2,"WES","ITA",65,94,"ADU"
2,"CMC","ITA",82,112,"TUT"
2,"COM","ITA",78,117,"GEN"
2,"DRA","ITA",89,110,"GEN"
2,"COM","ITA",62,92,"GEN"
2,"DRA","ITA",60,120,"ADU"
2,"DRA","ITA",59,94,"GEN"
1,"DRA","ITA",93,87,"ADU"
1,"DRA","ITA",73,95,"GEN"
2,"COM","ITA",69,124,"GEN"
2,"HOR","ITA",91,117,"ADU"
1,"COM","ITA",84,95,"GEN"
1,"DRA","ITA",40,90,"TUT"
2,"WES","ITA",71,150,"GEN"
1,"HOR","ITA",80,95,"ADU"
2,"COM","ITA",85,114,"TUT"
2,"HOR","ITA",89,106,"ADU"
2,"AVV","ITA",92,114,"TUT"
2,"DRA","ITA",94,115,"GEN"
2,"WES","ITA",72,128,"TUT"
2,"AVV","ITA",83,86,"GEN"
2,"WES","ITA",67,100,"ADU"
1,"COM","ITA",91,98,"GEN"
3,"COM","ITA",63,95,"ADU"
2,"SPI","ITA",88,113,"GEN"
3,"COM","ITA",62,102,"TUT"
1,"DRA","ITA",87,94,"ADU"
2,"COM","ITA",89,114,"TUT"
1,"COM","ITA",74,100,"ADU"
2,"COM","ITA",86,110,"TUT"
3,"DRA","ITA",91,90,"ADU"
3,"COM","ITA",81,110,"TUT"
1,"COM","ITA",93,98,"ADU"
2,"COM","ITA",92,110,"TUT"
2,"COM","ITA",61,94,"TUT"
1,"COM","ITA",73,95,"GEN"
2,"COM","ITA",75,95,"ADU"
3,"COM","ITA",79,99,"TUT"
2,"COM","ITA",53,94,"TUT"
2,"COM","ITA",67,115,"GEN"
1,"COM","ITA",89,80,"GEN"
2,"COM","ITA",70,108,"GEN"
4,"DRA","ITA",87,160,"ADU"
3,"COM","ITA",71,103,"ADU"
1,"CMC","ITA",90,97,"ADU"
3,"WES","ITA",68,167,"GEN"
2,"COM","ITA",69,96,"GEN"
1,"COM","ITA",84,92,"GEN"
2,"DRA","ITA",92,89,"GEN"
3,"COM","ITA",78,100,"GEN"
3,"CMC","ITA",80,95,"TUT"
2,"COM","ITA",82,99,"GEN"
1,"POL","ITA",83,90,"ADU"
2,"COM","ITA",91,97,"ADU"
2,"GIA","ITA",68,91,"ADU"
2,"COM","ITA",54,101,"GEN"
2,"COM","ITA",93,91,"GEN"
2,"WES","ITA",68,132,"ADU"
4,"COM","MES",92,144,"GEN"
4,"DRA","NZ",93,110,"GEN"
3,"DRA","SVE",47,90,"GEN"
4,"COM","URSS",84,143,"GEN"
4,"DRA","USA",60,125,"GEN"
2,"BEL","USA",68,141,"GEN"
3,"DRA","USA",62,132,"GEN"
2,"COM","USA",77,88,"GEN"
2,"DRA","USA",51,90,"TUT"
2,"COM","USA",89,108,"GEN"
2,"BEL","USA",80,100,"GEN"
1,"COM","USA",87,90,"GEN"
3,"DRA","USA",55,108,"GEN"
2,"COM","USA",70,100,"TUT"
2,"AZI","USA",84,120,"GEN"
2,"COM","USA",74,78,"TUT"
2,"AZI","USA",90,90,"ADU"
2,"COM","USA",68,98,"ADU"
2,"DRA","USA",66,99,"ADU"
2,"COM","USA",91,110,"TUT"
1,"AZI","USA",93,89,"GEN"
2,"COM","USA",92,112,"GEN"
3,"DRA","USA",90,129,"GEN"
2,"COM","USA",59,92,"GEN"
2,"DRA","USA",41,125,"ADU"
4,"COM","USA",53,91,"GEN"
3,"DRA","USA",53,118,"GEN"
4,"COM","USA",38,93,"GEN"
1,"AZI","USA",91,95,"ADU"
2,"COM","USA",90,90,"GEN"
3,"DRA","USA",87,105,"GEN"
2,"COM","USA",87,99,"GEN"
1,"AZI","USA",79,90,"ADU"
2,"COM","USA",33,83,"GEN"
1,"AZI","USA",83,107,"ADU"
3,"COM","USA",92,98,"TUT"
1,"DRA","USA",87,120,"ADU"
2,"COM","USA",89,112,"GEN"
1,"DRA","USA",93,105,"ADU"
3,"COM","USA",92,128,"TUT"
2,"AZI","USA",91,90,"GEN"
1,"COM","USA",78,88,"GEN"
2,"DRA","USA",80,99,"ADU"
3,"COM","USA",88,98,"GEN"
3,"AZI","USA",93,109,"GEN"
2,"COM","USA",56,108,"TUT"
4,"DRA","USA",40,129,"GEN"
2,"COM","USA",86,100,"GEN"
2,"AZI","USA",72,105,"GEN"
3,"COM","USA",89,123,"GEN"
1,"AZI","USA",93,97,"ADU"
2,"COM","USA",65,118,"GEN"
2,"DRA","USA",52,117,"TUT"
2,"COM","USA",87,100,"TUT"
2,"DRA","USA",86,105,"GEN"
2,"COM","USA",78,112,"TUT"
1,"DRA","USA",90,98,"ADU"
1,"COM","USA",80,100,"GEN"
3,"ERO","USA",75,121,"ADU"
2,"COM","USA",44,101,"GEN"
1,"AZI","USA",95,88,"ADU"
1,"DRA","USA",93,120,"GEN"
1,"ERO","USA",89,110,"ADU"
2,"DRA","USA",92,100,"ADU"
2,"FAN","USA",89,110,"TUT"
1,"COM","USA",85,84,"GEN"
2,"AZI","USA",88,86,"ADU"
3,"COM","USA",88,100,"GEN"
2,"FAN","USA",85,109,"TUT"
2,"DRA","USA",56,97,"GEN"
3,"FAN","USA",91,140,"GEN"
3,"DRA","USA",88,116,"GEN"
2,"FAN","USA",80,127,"TUT"
3,"DRA","USA",73,105,"ADU"
3,"FAN","USA",88,100,"TUT"
3,"COM","USA",40,95,"GEN"
2,"AZI","USA",82,137,"GEN"
3,"COM","USA",55,101,"GEN"
1,"FAN","USA",74,78,"GEN"
3,"DRA","USA",41,107,"ADU"
2,"FAN","USA",89,91,"ADU"
3,"DRA","USA",85,98,"ADU"
2,"FAN","USA",92,105,"GEN"
3,"DRA","USA",91,90,"GEN"
3,"FAN","USA",92,98,"TUT"
3,"COM","USA",91,85,"GEN"
1,"FAN","USA",92,105,"ADU"
2,"COM","USA",92,101,"GEN"
2,"FAN","USA",92,102,"GEN"
3,"COM","USA",52,97,"GEN"
4,"FAN","USA",33,103,"GEN"
3,"DRA","USA",56,93,"GEN"
1,"FAN","USA",90,95,"TUT"
3,"DRA","USA",85,124,"GEN"
2,"FAN","USA",90,118,"ADU"
3,"DRA","USA",78,145,"GEN"
2,"FAN","USA",85,84,"TUT"
2,"DRA","USA",80,98,"ADU"
2,"FAN","USA",48,99,"TUT"
1,"DRA","USA",79,123,"GEN"
2,"GAN","USA",59,91,"GEN"
3,"COM","USA",86,102,"GEN"
4,"GAN","USA",75,114,"GEN"
3,"COM","USA",85,92,"GEN"
3,"GAN","USA",42,80,"GEN"
3,"COM","USA",55,138,"GEN"
3,"GAN","USA",89,94,"TUT"
2,"COM","USA",87,107,"GEN"
2,"GIA","USA",93,103,"ADU"
2,"DRA","USA",93,98,"GEN"
2,"GIA","USA",78,112,"GEN"
3,"COM","USA",49,105,"GEN"
3,"GIA","USA",81,113,"ADU"
3,"DRA","USA",59,159,"ADU"
2,"AZI","USA",92,118,"ADU"
2,"COM","USA",87,105,"ADU"
2,"GIA","USA",88,91,"GEN"
2,"DRA","USA",93,116,"ADU"
2,"AZI","USA",92,98,"GEN"
2,"DRA","USA",94,90,"ADU"
2,"GIA","USA",59,80,"GEN"
2,"COM","USA",63,108,"GEN"
2,"AZI","USA",89,85,"ADU"
2,"DRA","USA",91,90,"ADU"
2,"GIA","USA",72,105,"GEN"
2,"COM","USA",83,102,"GEN"
2,"AZI","USA",91,95,"TUT"
1,"COM","USA",86,88,"GEN"
3,"GIA","USA",91,90,"GEN"
2,"DRA","USA",90,122,"GEN"
2,"GIA","USA",91,97,"ADU"
3,"DRA","USA",91,100,"ADU"
1,"GIA","USA",88,91,"ADU"
3,"DRA","USA",93,121,"ADU"
3,"GIA","USA",92,140,"GEN"
3,"COM","USA",70,129,"GEN"
2,"GIA","USA",65,74,"GEN"
2,"DRA","USA",79,117,"ADU"
3,"GIA","USA",47,113,"GEN"
2,"DRA","USA",33,123,"GEN"
2,"GIA","USA",85,108,"GEN"
2,"DRA","USA",57,99,"ADU"
4,"GIA","USA",57,114,"TUT"
2,"COM","USA",91,98,"TUT"
2,"AZI","USA",90,91,"GEN"
2,"DRA","USA",92,100,"GEN"
2,"GRO","USA",85,86,"ADU"
3,"DRA","USA",83,120,"TUT"
2,"HOR","USA",87,89,"ADU"
4,"COM","USA",77,94,"ADU"
3,"HOR","USA",82,118,"ADU"
4,"DRA","USA",74,123,"ADU"
2,"HOR","USA",91,102,"ADU"
3,"COM","USA",58,120,"GEN"
4,"HOR","USA",73,130,"GEN"
2,"DRA","USA",57,99,"GEN"
2,"HOR","USA",76,111,"ADU"
3,"DRA","USA",89,103,"ADU"
2,"HOR","USA",93,114,"ADU"
2,"DRA","USA",94,93,"ADU"
2,"AZI","USA",90,105,"GEN"
3,"DRA","USA",61,124,"ADU"
1,"AZI","USA",86,89,"ADU"
2,"CMC","USA",92,92,"GEN"
2,"AVV","USA",84,94,"ADU"
2,"CMC","USA",81,92,"TUT"
2,"HOR","USA",81,91,"ADU"
1,"CMC","USA",93,80,"GEN"
2,"HOR","USA",89,100,"ADU"
3,"DRA","USA",92,122,"GEN"
1,"HOR","USA",85,96,"ADU"
3,"DRA","USA",63,117,"GEN"
1,"HOR","USA",89,104,"ADU"
3,"DRA","USA",86,100,"GEN"
2,"AVV","USA",85,105,"TUT"
2,"DRA","USA",76,111,"ADU"
2,"HOR","USA",70,114,"ADU"
2,"BIO","USA",52,82,"TUT"
2,"AVV","USA",90,112,"GEN"
2,"DRA","USA",50,98,"GEN"
2,"MUS","USA",64,128,"TUT"
4,"BEL","USA",87,110,"ADU"
4,"MUS","USA",65,101,"TUT"
3,"BEL","USA",49,118,"GEN"
2,"MUS","USA",52,115,"TUT"
3,"DRA","USA",87,144,"GEN"
2,"MUS","USA",91,104,"GEN"
3,"DRA","USA",83,120,"GEN"
3,"AVV","USA",80,105,"GEN"
2,"DRA","USA",34,81,"TUT"
1,"POL","USA",86,83,"ADU"
1,"DRA","USA",87,100,"ADU"
4,"POL","USA",46,105,"ADU"
3,"DRA","USA",93,112,"GEN"
2,"POL","USA",82,110,"GEN"
2,"DRA","USA",50,90,"GEN"
3,"POL","USA",49,71,"GEN"
3,"DRA","USA",41,106,"GEN"
2,"POL","USA",89,97,"GEN"
3,"DRA","USA",66,123,"GEN"
1,"POL","USA",94,91,"ADU"
3,"DRA","USA",40,93,"GEN"
3,"POL","USA",81,165,"ADU"
2,"DRA","USA",59,115,"GEN"
3,"POL","USA",68,113,"GEN"
2,"COM","USA",52,85,"ADU"
2,"AVV","USA",53,79,"GEN"
2,"COM","USA",64,101,"TUT"
4,"POL","USA",87,119,"ADU"
2,"COM","USA",90,91,"ADU"
2,"POL","USA",49,97,"GEN"
1,"COM","USA",79,100,"GEN"
2,"POL","USA",90,100,"GEN"
2,"COM","USA",85,100,"GEN"
2,"POL","USA",84,115,"ADU"
2,"COM","USA",92,86,"ADU"
3,"AVV","USA",92,110,"GEN"
3,"COM","USA",55,123,"GEN"
3,"POL","USA",89,115,"ADU"
3,"COM","USA",57,118,"GEN"
2,"POL","USA",88,91,"GEN"
2,"COM","USA",63,93,"TUT"
4,"POL","USA",91,110,"GEN"
2,"COM","USA",76,113,"GEN"
2,"POL","USA",42,66,"GEN"
2,"COM","USA",88,101,"TUT"
1,"AVV","USA",91,80,"ADU"
2,"COM","USA",79,122,"ADU"
3,"POL","USA",89,125,"ADU"
2,"COM","USA",91,117,"GEN"
1,"POL","USA",95,85,"ADU"
2,"DRA","USA",87,119,"GEN"
2,"POL","USA",82,110,"ADU"
3,"DRA","USA",88,110,"ADU"
2,"POL","USA",40,77,"TUT"
2,"DRA","USA",52,85,"GEN"
3,"POL","USA",77,108,"ADU"
2,"DRA","USA",93,120,"GEN"
2,"POL","USA",87,90,"ADU"
4,"DRA","USA",36,94,"ADU"
2,"POL","USA",89,100,"ADU"
3,"DRA","USA",63,107,"GEN"
2,"POL","USA",91,137,"ADU"
3,"DRA","USA",78,109,"ADU"
2,"POL","USA",46,86,"ADU"
2,"DRA","USA",63,101,"ADU"
3,"POL","USA",71,114,"ADU"
2,"DRA","USA",87,97,"ADU"
2,"POL","USA",71,97,"GEN"
2,"DRA","USA",91,100,"GEN"
2,"POL","USA",91,105,"GEN"
2,"COM","USA",87,107,"TUT"
2,"POL","USA",81,108,"GEN"
3,"COM","USA",67,108,"GEN"
2,"POL","USA",90,132,"ADU"
3,"COM","USA",84,118,"GEN"
2,"AVV","USA",55,112,"GEN"
2,"DRA","USA",84,110,"GEN"
2,"POL","USA",86,87,"ADU"
2,"COM","USA",92,100,"TUT"
3,"SEN","USA",39,114,"TUT"
2,"COM","USA",88,109,"GEN"
2,"SEN","USA",90,105,"GEN"
2,"DRA","USA",91,145,"ADU"
2,"AVV","USA",55,87,"GEN"
2,"DRA","USA",81,129,"GEN"
3,"AVV","USA",86,98,"TUT"
3,"DRA","USA",87,152,"ADU"
2,"SEN","USA",88,95,"TUT"
3,"DRA","USA",90,95,"TUT"
3,"SEN","USA",61,115,"TUT"
2,"DRA","USA",90,133,"GEN"
2,"SEN","USA",56,87,"GEN"
2,"DRA","USA",90,100,"GEN"
2,"SEN","USA",60,92,"GEN"
2,"DRA","USA",91,130,"GEN"
1,"AVV","USA",84,117,"GEN"
3,"COM","USA",53,119,"TUT"
3,"SPI","USA",62,140,"GEN"
3,"DRA","USA",79,113,"GEN"
2,"AVV","USA",74,89,"TUT"
2,"DRA","USA",47,119,"GEN"
3,"AVV","USA",44,100,"GEN"
3,"DRA","USA",65,192,"GEN"
2,"AVV","USA",93,119,"ADU"
4,"CMC","USA",32,68,"TUT"
4,"SPI","USA",46,101,"GEN"
3,"CMC","USA",31,77,"TUT"
2,"AVV","USA",68,95,"TUT"
2,"BIO","USA",54,113,"GEN"
2,"AVV","USA",93,90,"ADU"
2,"DRA","USA",61,122,"ADU"
2,"THR","USA",53,81,"GEN"
2,"BEL","USA",76,132,"GEN"
2,"THR","USA",91,100,"ADU"
2,"DRA","USA",91,98,"ADU"
2,"AVV","USA",78,97,"TUT"
3,"DRA","USA",33,97,"GEN"
2,"THR","USA",92,92,"ADU"
3,"BEL","USA",88,109,"GEN"
2,"AVV","USA",93,95,"ADU"
3,"BEL","USA",61,151,"GEN"
2,"THR","USA",86,105,"ADU"
2,"COM","USA",59,100,"ADU"
3,"THR","USA",81,105,"ADU"
2,"COM","USA",59,100,"GEN"
2,"THR","USA",94,80,"GEN"
2,"COM","USA",88,111,"TUT"
1,"THR","USA",92,100,"ADU"
1,"COM","USA",90,110,"GEN"
2,"THR","USA",93,90,"ADU"
3,"COM","USA",66,99,"TUT"
2,"THR","USA",92,100,"ADU"
2,"COM","USA",93,98,"ADU"
2,"AVV","USA",93,106,"GEN"
2,"COM","USA",91,100,"TUT"
3,"THR","USA",86,90,"ADU"
3,"DRA","USA",40,103,"ADU"
2,"THR","USA",85,100,"GEN"
3,"COM","USA",55,109,"TUT"
2,"THR","USA",90,97,"GEN"
2,"DRA","USA",91,111,"ADU"
2,"AVV","USA",93,91,"TUT"
2,"DRA","USA",93,90,"ADU"
2,"THR","USA",92,110,"ADU"
1,"DRA","USA",88,90,"ADU"
2,"THR","USA",60,112,"ADU"
3,"DRA","USA",77,121,"ADU"
3,"THR","USA",91,100,"GEN"
5,"DRA","USA",39,212,"GEN"
2,"THR","USA",87,90,"ADU"
2,"DRA","USA",94,100,"GEN"
3,"THR","USA",56,120,"GEN"
4,"DRA","USA",35,95,"ADU"
2,"THR","USA",87,100,"ADU"
2,"DRA","USA",49,115,"ADU"
3,"THR","USA",90,135,"GEN"
3,"DRA","USA",52,117,"GEN"
2,"THR","USA",83,100,"ADU"
3,"DRA","USA",66,123,"ADU"
2,"THR","USA",93,90,"GEN"
3,"DRA","USA",55,105,"GEN"
2,"THR","USA",87,110,"ADU"
3,"CMC","USA",53,95,"TUT"
3,"THR","USA",67,107,"ADU"
1,"BIO","USA",87,100,"ADU"
1,"THR","USA",94,92,"ADU"
2,"DRA","USA",54,105,"ADU"
3,"THR","USA",88,105,"GEN"
2,"DRA","USA",61,98,"GEN"
2,"THR","USA",92,128,"GEN"
2,"DRA","USA",57,157,"ADU"
3,"THR","USA",91,97,"GEN"
2,"COM","USA",82,98,"GEN"
2,"THR","USA",91,109,"GEN"
2,"COM","USA",89,100,"GEN"
2,"WES","USA",55,88,"TUT"
2,"COM","USA",80,101,"GEN"
3,"WES","USA",71,105,"GEN"
2,"COM","USA",91,110,"GEN"
3,"WES","USA",73,105,"GEN"
2,"COM","USA",87,107,"GEN"
2,"WES","USA",66,101,"TUT"
3,"DRA","USA",56,105,"GEN"
2,"AVV","USA",59,109,"TUT"
2,"DRA","USA",91,105,"ADU"
4,"WES","USA",40,92,"GEN"
2,"COM","USA",52,89,"GEN"
2,"AVV","USA",59,105,"GEN"
3,"DRA","USA",43,89,"GEN"
2,"AVV","USA",52,110,"GEN"
3,"DRA","USA",81,120,"GEN"
2,"AVV","USA",54,86,"GEN"
2,"DRA","USA",52,96,"ADU"
2,"WES","USA",76,99,"ADU"
3,"BEL","USA",65,102,"GEN"
3,"WES","USA",76,99,"ADU"
3,"DRA","USA",67,126,"GEN"
2,"AVV","USA",93,105,"TUT"
2,"COM","USA",74,90,"GEN"
3,"WES","USA",69,130,"GEN"
2,"COM","USA",86,91,"GEN"
3,"WES","USA",58,100,"GEN"
1,"DRA","USA",88,90,"GEN"
3,"AVV","USA",52,118,"TUT"
2,"DRA","USA",52,96,"GEN"
3,"WES","USA",58,94,"GEN"
2,"COM","USA",73,103,"GEN"
3,"WES","USA",53,98,"GEN"
2,"DRA","USA",89,127,"GEN"
2,"WES","USA",51,105,"GEN"
2,"COM","USA",85,95,"ADU"
3,"WES","USA",48,127,"ADU"
3,"DRA","USA",87,82,"GEN"
2,"WES","USA",89,119,"ADU"
2,"DRA","USA",94,90,"TUT"
2,"WES","USA",71,102,"TUT"
3,"DRA","USA",87,115,"GEN"
2,"WES","USA",75,107,"GEN"
2,"COM","USA",90,90,"GEN"
3,"WES","USA",78,102,"ADU"
2,"COM","USA",89,105,"GEN"
2,"WES","USA",71,109,"GEN"
2,"DRA","ITA",58,110,"GEN"
2,"COM","ITA",76,40,"ADU"
3,"AVV","USA",32,77,"GEN"
4,"GAN","USA",31,80,"GEN"
2,"COM","ITA",90,80,"GEN"
3,"MUS","USA",38,80,"GEN"
2,"WES","USA",54,80,"GEN"
2,"DRA","GB",52,80,"GEN"
2,"CMC","USA",93,80,"TUT"
2,"CMC","USA",90,80,"TUT"
4,"POL","USA",52,82,"GEN"
3,"COM","GB",51,82,"GEN"
2,"HOR","ITA",82,82,"ADU"
3,"CMC","USA",71,82,"TUT"
2,"POL","USA",89,82,"ADU"
2,"DRA","ITA",41,82,"TUT"
4,"POL","USA",52,82,"GEN"
3,"COM","GB",51,82,"GEN"
1,"DRA","USA",94,83,"GEN"
1,"DRA","USA",94,83,"GEN"
1,"POL","USA",86,83,"ADU"
2,"HOR","GB",65,83,"ADU"
5,"COM","USA",36,83,"TUT"
3,"COM","USA",44,84,"TUT"
2,"AVV","USA",63,84,"TUT"
1,"COM","ITA",59,84,"GEN"
2,"COM","USA",89,84,"GEN"
3,"FAN","USA",44,84,"TUT"
2,"DRA","USA",56,85,"GEN"
2,"DRA","USA",93,85,"GEN"
3,"COM","ITA",48,85,"TUT"
3,"CMC","USA",90,85,"TUT"
2,"FAN","USA",90,85,"GEN"
2,"COM","ITA",58,85,"TUT"
3,"COM","ITA",48,85,"TUT"
2,"CMC","USA",93,85,"TUT"
2,"COM","ITA",47,85,"TUT"
2,"DRA","ITA",91,85,"ADU"
2,"DRA","ITA",93,85,"GEN"
2,"GIA","GB",59,85,"GEN"
2,"DRA","GB",45,85,"GEN"
2,"WES","USA",58,85,"GEN"
2,"WES","USA",58,85,"GEN"
3,"COM","ITA",63,85,"ADU"
2,"GIA","USA",92,85,"GEN"
2,"DRA","USA",58,86,"GEN"
3,"COM","FRA",90,86,"GEN"
2,"DRA","FRA",85,86,"ADU"
2,"COM","USA",54,86,"GEN"
1,"AVV","USA",55,86,"TUT"
2,"COM","USA",92,86,"TUT"
2,"COM","USA",90,87,"GEN"
2,"AVV","USA",92,87,"ADU"
2,"DRA","USA",55,87,"GEN"
2,"COM","USA",86,87,"GEN"
1,"COM","USA",51,87,"TUT"
3,"DRA","USA",90,87,"ADU"
2,"POL","USA",85,87,"ADU"
2,"DRA","USA",91,87,"GEN"
2,"HOR","USA",91,88,"ADU"
1,"THR","USA",92,88,"ADU"
3,"DRA","USA",49,88,"GEN"
2,"COM","USA",92,88,"TUT"
1,"THR","USA",94,88,"ADU"
3,"DRA","FRA",71,88,"ADU"
3,"COM","ITA",91,88,"GEN"
1,"THR","USA",93,88,"ADU"
3,"COM","USA",75,88,"GEN"
1,"AZI","USA",88,88,"ADU"
2,"WES","USA",49,88,"GEN"
1,"COM","ITA",79,88,"GEN"
2,"AVV","USA",88,88,"GEN"
1,"AZI","USA",88,88,"ADU"
1,"DRA","USA",94,88,"ADU"
2,"COM","USA",92,88,"GEN"
1,"CMC","USA",93,88,"ADU"
2,"FAN","USA",71,88,"GEN"
3,"DRA","USA",49,88,"GEN"
1,"CMC","ITA",74,88,"GEN"
3,"CMC","GB",72,89,"GEN"
2,"COM","ITA",91,89,"GEN"
2,"THR","GB",75,89,"ADU"
2,"DRA","USA",90,89,"ADU"
2,"DRA","USA",90,89,"ADU"
3,"COM","ITA",90,89,"TUT"
1,"THR","USA",92,89,"ADU"
2,"DRA","USA",90,89,"ADU"
3,"FAN","USA",89,89,"TUT"
2,"COM","USA",89,89,"GEN"
2,"COM","FRA",68,89,"GEN"
2,"WES","USA",47,89,"TUT"
3,"MUS","USA",93,89,"TUT"
4,"WES","USA",54,89,"GEN"
1,"AVV","USA",89,89,"ADU"
3,"COM","ITA",90,89,"TUT"
2,"COM","USA",89,89,"GEN"
1,"AZI","ITA",79,89,"GEN"
2,"COM","ITA",84,89,"GEN"
4,"WES","USA",54,89,"GEN"
1,"POL","USA",90,89,"ADU"
3,"CMC","USA",64,89,"TUT"
2,"COM","ITA",64,90,"GEN"
1,"DRA","USA",63,90,"GEN"
2,"DRA","USA",95,90,"GEN"
2,"COM","ITA",55,90,"TUT"
2,"DRA","USA",94,90,"GEN"
3,"COM","FRA",86,90,"GEN"
2,"COM","ITA",55,90,"TUT"
2,"AVV","USA",93,90,"TUT"
1,"THR","USA",55,90,"ADU"
1,"COM","ITA",70,90,"ADU"
3,"GAN","USA",55,90,"GEN"
3,"COM","GB",90,90,"TUT"
2,"DRA","USA",94,90,"GEN"
2,"DRA","USA",89,90,"ADU"
1,"POL","USA",95,90,"ADU"
2,"DRA","FRA",67,90,"ADU"
1,"THR","USA",55,90,"ADU"
2,"COM","USA",92,90,"TUT"
2,"CMC","ITA",53,90,"TUT"
3,"GIA","FRA",81,90,"ADU"
1,"THR","USA",95,90,"ADU"
2,"THR","USA",94,90,"ADU"
1,"AVV","USA",94,90,"GEN"
1,"DRA","USA",78,90,"GEN"
2,"MUS","USA",58,90,"GEN"
2,"COM","USA",74,90,"GEN"
1,"THR","USA",92,90,"ADU"
2,"MUS","USA",58,90,"GEN"
2,"COM","ITA",55,90,"TUT"
2,"AVV","USA",90,90,"TUT"
1,"POL","USA",94,90,"ADU"
3,"COM","GB",90,90,"TUT"
3,"FAN","USA",92,90,"GEN"
2,"DRA","USA",94,90,"GEN"
1,"THR","USA",91,90,"ADU"
2,"THR","USA",92,90,"TUT"
2,"AVV","GB",54,90,"TUT"
1,"THR","USA",94,90,"GEN"
3,"DRA","FRA",82,90,"GEN"
2,"DRA","USA",94,90,"TUT"
2,"DRA","USA",51,90,"TUT"
1,"GIA","USA",93,90,"GEN"
2,"DRA","USA",93,90,"GEN"
2,"GIA","USA",93,90,"ADU"
1,"COM","ITA",73,90,"GEN"
2,"AZI","USA",94,90,"GEN"
1,"AZI","USA",88,90,"GEN"
1,"THR","USA",93,90,"ADU"
1,"DRA","USA",94,90,"ADU"
2,"AVV","ITA",89,90,"GEN"
2,"COM","ITA",58,90,"GEN"
2,"DRA","USA",93,90,"GEN"
2,"DRA","USA",94,90,"ADU"
1,"AZI","USA",94,90,"ADU"
2,"GIA","USA",92,90,"GEN"
2,"DRA","USA",93,90,"GEN"
3,"AZI","USA",88,90,"TUT"
2,"COM","GB",89,90,"GEN"
2,"COM","ITA",64,90,"GEN"
1,"FAN","USA",92,90,"ADU"
1,"AZI","USA",89,90,"ADU"
2,"COM","ITA",58,90,"GEN"
2,"COM","GB",80,90,"GEN"
1,"AZI","USA",88,90,"GEN"
2,"COM","ITA",56,90,"ADU"
1,"THR","USA",95,90,"ADU"
2,"DRA","USA",91,90,"ADU"
1,"POL","USA",95,90,"ADU"
2,"COM","USA",90,90,"GEN"
2,"DRA","ITA",95,90,"GEN"
2,"POL","USA",95,90,"ADU"
2,"AVV","ITA",89,90,"GEN"
2,"DOC","ITA",54,90,"GEN"
1,"AZI","USA",89,90,"ADU"
2,"COM","ITA",91,90,"GEN"
1,"CMC","ITA",73,90,"GEN"
1,"FAN","USA",92,90,"ADU"
2,"THR","USA",93,90,"ADU"
1,"DRA","USA",94,90,"ADU"
2,"COM","USA",49,90,"GEN"
2,"COM","FRA",59,90,"GEN"
1,"THR","USA",91,90,"ADU"
2,"DRA","ITA",95,90,"GEN"
2,"COM","FRA",90,90,"GEN"
2,"DRA","USA",94,90,"ADU"
3,"COM","FRA",60,90,"TUT"
1,"THR","USA",92,90,"ADU"
2,"DRA","USA",85,91,"GEN"
2,"SPI","GB",84,91,"GEN"
1,"POL","USA",87,91,"ADU"
1,"THR","USA",92,91,"ADU"
3,"COM","USA",86,91,"GEN"
1,"THR","CAN",90,91,"ADU"
1,"POL","USA",91,91,"GEN"
2,"AVV","GB",65,91,"GEN"
1,"THR","USA",87,91,"ADU"
2,"HOR","USA",80,91,"ADU"
2,"COM","GB",58,92,"TUT"
1,"COM","ITA",84,92,"TUT"
1,"COM","ITA",96,92,"GEN"
3,"COM","USA",39,92,"ADU"
2,"HOR","USA",86,92,"ADU"
3,"DRA","USA",67,92,"ADU"
3,"FAN","USA",86,92,"ADU"
3,"DRA","ITA",93,92,"GEN"
2,"POL","USA",92,92,"GEN"
2,"COM","GB",58,92,"TUT"
2,"COM","ITA",94,92,"TUT"
3,"FAN","USA",90,92,"GEN"
2,"DRA","ITA",42,92,"GEN"
2,"COM","ITA",58,92,"GEN"
3,"POL","USA",89,92,"ADU"
3,"COM","USA",85,92,"GEN"
2,"AZI","USA",87,92,"GEN"
2,"POL","USA",73,92,"ADU"
3,"POL","USA",94,92,"ADU"
2,"COM","ITA",58,92,"GEN"
4,"DRA","ITA",67,92,"ADU"
3,"COM","ITA",53,92,"GEN"
2,"DRA","GB",59,92,"ADU"
1,"COM","ITA",88,92,"GEN"
1,"COM","ITA",92,93,"GEN"
1,"HOR","USA",91,93,"GEN"
1,"BEL","GB",88,93,"GEN"
3,"WES","USA",50,93,"GEN"
1,"ERO","ITA",84,93,"ADU"
2,"COM","USA",93,93,"TUT"
3,"COM","USA",87,93,"ADU"
2,"GIA","USA",63,93,"GEN"
2,"COM","USA",87,93,"GEN"
1,"CMC","ITA",86,93,"TUT"
2,"COM","USA",87,93,"GEN"
3,"THR","USA",86,93,"ADU"
2,"GIA","USA",73,93,"ADU"
2,"AVV","USA",77,93,"GEN"
3,"COM","USA",66,93,"TUT"
4,"GRO","GB",64,93,"GEN"
1,"AVV","USA",92,93,"ADU"
1,"COM","ITA",92,93,"GEN"
2,"THR","USA",93,93,"GEN"
4,"GRO","GB",64,93,"GEN"
2,"COM","GB",69,93,"TUT"
2,"GIA","USA",63,93,"GEN"
2,"COM","USA",93,93,"TUT"
1,"THR","USA",92,93,"ADU"
2,"AVV","USA",58,93,"TUT"
1,"THR","USA",92,93,"ADU"
2,"FAN","GB",67,94,"GEN"
1,"CMC","USA",87,94,"ADU"
2,"COM","USA",91,94,"ADU"
4,"COM","USA",77,94,"ADU"
3,"POL","USA",92,94,"ADU"
3,"POL","USA",92,94,"ADU"
2,"AZI","USA",70,94,"GEN"
2,"AVV","USA",63,94,"GEN"
2,"DRA","USA",90,94,"ADU"
2,"DRA","GB",64,94,"GEN"
2,"AZI","FRA",70,94,"GEN"
3,"DRA","USA",76,94,"GEN"
4,"COM","ITA",52,94,"TUT"
2,"SPI","USA",47,95,"GEN"
3,"DRA","GB",90,95,"ADU"
2,"WES","FRA",71,95,"ADU"
2,"COM","USA",71,95,"GEN"
3,"DRA","ITA",94,95,"ADU"
2,"COM","ITA",70,95,"GEN"
3,"DRA","USA",40,95,"GEN"
2,"THR","USA",86,95,"ADU"
2,"DRA","USA",57,95,"GEN"
1,"FAN","USA",90,95,"TUT"
1,"BEL","ITA",70,95,"GEN"
1,"GIA","ITA",71,95,"GEN"
3,"COM","ITA",54,95,"TUT"
2,"COM","ITA",58,95,"GEN"
2,"GRO","ITA",91,95,"ADU"
2,"DRA","USA",94,95,"GEN"
2,"DRA","ITA",93,95,"GEN"
2,"COM","ITA",46,95,"TUT"
2,"COM","USA",91,95,"GEN"
2,"DRA","USA",88,95,"GEN"
1,"AZI","USA",85,95,"ADU"
2,"FAN","USA",93,95,"ADU"
2,"COM","GB",69,95,"GEN"
1,"AZI","ITA",76,95,"ADU"
2,"CMC","ITA",77,95,"ADU"
2,"AVV","USA",91,95,"GEN"
2,"CMC","USA",84,95,"GEN"
2,"HOR","USA",91,95,"ADU"
3,"DRA","ITA",55,95,"GEN"
2,"DRA","ITA",91,95,"TUT"
3,"HOR","USA",90,95,"ADU"
2,"COM","USA",89,95,"GEN"
2,"DRA","ITA",92,95,"ADU"
2,"STO","GB",47,95,"GEN"
2,"FAN","USA",86,95,"TUT"
1,"FAN","USA",90,95,"GEN"
2,"FAN","USA",90,95,"GEN"
1,"DRA","SPA",89,95,"ADU"
2,"BIO","USA",51,95,"GEN"
2,"DRA","GB",48,95,"GEN"
2,"COM","ITA",70,95,"GEN"
1,"DRA","SPA",89,95,"ADU"
2,"AZI","USA",88,95,"ADU"
1,"GIA","ITA",84,95,"GEN"
2,"DRA","FRA",58,95,"GEN"
2,"FAN","USA",90,95,"GEN"
2,"COM","ITA",73,95,"GEN"
2,"SPI","USA",47,95,"GEN"
1,"DRA","USA",91,95,"GEN"
2,"CMC","ITA",89,95,"TUT"
3,"POL","USA",64,95,"ADU"
3,"DRA","USA",55,95,"ADU"
2,"AVV","USA",85,95,"GEN"
2,"COM","ITA",92,95,"GEN"
1,"AVV","ITA",67,95,"GEN"
3,"COM","ITA",68,95,"ADU"
2,"THR","PAN",76,95,"ADU"
2,"AZI","USA",88,95,"ADU"
2,"AVV","ITA",79,95,"TUT"
2,"COM","ITA",88,95,"GEN"
2,"WES","USA",76,95,"GEN"
3,"DRA","USA",55,95,"ADU"
3,"GIA","USA",54,95,"GEN"
2,"DRA","USA",92,95,"ADU"
1,"AZI","ITA",76,95,"ADU"
2,"FAN","ITA",86,96,"TUT"
2,"WES","USA",66,96,"GEN"
2,"COM","USA",58,96,"TUT"
3,"COM","USA",81,96,"TUT"
2,"FAN","USA",85,96,"GEN"
1,"DRA","USA",87,96,"ADU"
2,"COM","USA",58,96,"GEN"
1,"AZI","USA",85,96,"ADU"
1,"AVV","ITA",86,96,"TUT"
2,"AVV","USA",55,96,"GEN"
1,"THR","USA",92,96,"ADU"
2,"THR","USA",88,96,"ADU"
3,"AVV","USA",50,96,"TUT"
2,"AZI","USA",88,96,"GEN"
2,"COM","USA",58,96,"TUT"
2,"AZI","USA",88,96,"GEN"
3,"AVV","USA",50,96,"TUT"
2,"THR","USA",90,96,"ADU"
2,"COM","USA",86,96,"TUT"
3,"COM","FRA",90,96,"GEN"
2,"COM","USA",90,96,"GEN"
1,"GIA","USA",89,96,"ADU"
2,"COM","USA",83,96,"ADU"
3,"POL","USA",90,96,"ADU"
2,"COM","USA",93,97,"GEN"
2,"COM","ITA",61,97,"GEN"
2,"GIA","USA",82,97,"ADU"
3,"AZI","USA",88,97,"GEN"
2,"GAN","USA",38,97,"GEN"
1,"THR","USA",88,97,"ADU"
2,"COM","USA",90,97,"TUT"
3,"AZI","USA",73,97,"GEN"
3,"STO","USA",33,97,"TUT"
4,"POL","USA",55,97,"GEN"
4,"POL","USA",55,97,"GEN"
2,"GIA","USA",82,97,"GEN"
1,"CMC","ITA",91,97,"ADU"
2,"COM","USA",64,97,"TUT"
2,"COM","ITA",52,97,"TUT"
2,"HOR","USA",91,97,"ADU"
2,"COM","USA",89,97,"GEN"
1,"THR","USA",91,97,"ADU"
2,"COM","USA",87,97,"ADU"
3,"POL","USA",82,97,"GEN"
2,"COM","USA",90,97,"GEN"
2,"COM","ITA",61,97,"GEN"
2,"COM","USA",83,97,"GEN"
2,"COM","USA",64,97,"TUT"
2,"AZI","USA",89,98,"GEN"
2,"DRA","USA",51,98,"TUT"
1,"DRA","USA",93,98,"ADU"
2,"DRA","ITA",63,98,"GEN"
4,"COM","USA",68,98,"TUT"
2,"COM","USA",88,98,"GEN"
2,"CMC","ITA",93,98,"TUT"
2,"DRA","ITA",56,98,"TUT"
3,"COM","FRA",52,98,"ADU"
2,"COM","USA",90,98,"GEN"
2,"DRA","USA",85,98,"GEN"
2,"AVV","USA",92,98,"ADU"
1,"DRA","USA",93,98,"ADU"
2,"COM","ITA",59,98,"TUT"
2,"COM","GB",92,98,"GEN"
2,"COM","ITA",66,98,"GEN"
2,"POL","ITA",80,98,"GEN"
3,"GAN","USA",47,98,"GEN"
2,"COM","USA",87,98,"GEN"
2,"AZI","USA",89,98,"GEN"
2,"THR","ITA",88,98,"ADU"
2,"COM","ITA",56,98,"TUT"
3,"COM","USA",76,99,"GEN"
2,"POL","ITA",72,99,"ADU"
3,"GAN","USA",60,99,"GEN"
1,"DRA","ITA",93,99,"ADU"
2,"COM","USA",64,99,"GEN"
2,"COM","USA",76,99,"GEN"
3,"FAN","USA",86,99,"TUT"
2,"DRA","SPA",89,99,"ADU"
2,"DRA","ITA",90,99,"ADU"
3,"HOR","ITA",83,99,"ADU"
2,"DRA","ITA",90,99,"ADU"
2,"HOR","GB",73,99,"ADU"
2,"DRA","ITA",90,99,"ADU"
2,"CMC","ITA",81,99,"TUT"
3,"WES","USA",58,99,"GEN"
3,"AVV","GB",38,99,"TUT"
2,"COM","USA",91,99,"TUT"
2,"COM","USA",92,99,"GEN"
2,"DRA","ITA",90,99,"ADU"
2,"COM","ITA",85,99,"GEN"
3,"COM","USA",76,99,"GEN"
1,"FAN","USA",89,100,"GEN"
1,"COM","ITA",82,100,"GEN"
2,"COM","USA",85,100,"GEN"
2,"DRA","FRA",58,100,"ADU"
2,"DRA","ITA",93,100,"GEN"
3,"DRA","USA",56,100,"ADU"
2,"THR","USA",94,100,"ADU"
4,"WES","USA",68,100,"GEN"
3,"DRA","USA",90,100,"ADU"
3,"DRA","ITA",93,100,"ADU"
2,"COM","USA",76,100,"GEN"
2,"COM","ITA",75,100,"GEN"
2,"THR","USA",90,100,"ADU"
2,"CMC","ITA",83,100,"TUT"
1,"THR","USA",95,100,"ADU"
2,"COM","ITA",55,100,"GEN"
3,"COM","ITA",77,100,"ADU"
2,"THR","USA",83,100,"GEN"
2,"DRA","USA",91,100,"GEN"
2,"AZI","USA",92,100,"ADU"
3,"COM","ITA",84,100,"TUT"
2,"THR","USA",92,100,"ADU"
2,"FAN","USA",83,100,"ADU"
2,"GIA","GB",71,100,"GEN"
2,"GIA","USA",82,100,"GEN"
2,"GIA","GB",78,100,"GEN"
1,"THR","USA",94,100,"ADU"
2,"DRA","USA",87,100,"ADU"
2,"DRA","USA",90,100,"ADU"
2,"COM","USA",80,100,"TUT"
2,"AZI","USA",95,100,"ADU"
1,"DRA","USA",86,100,"GEN"
2,"AZI","USA",92,100,"ADU"
3,"COM","ITA",74,100,"ADU"
2,"COM","USA",53,100,"TUT"
1,"THR","USA",91,100,"ADU"
1,"GIA","USA",86,100,"GEN"
1,"THR","USA",95,100,"ADU"
2,"MUS","USA",47,100,"GEN"
2,"DRA","SPA",93,100,"ADU"
2,"COM","ITA",90,100,"GEN"
2,"COM","ITA",56,100,"TUT"
2,"COM","USA",60,100,"TUT"
1,"THR","USA",92,100,"ADU"
1,"COM","ITA",92,100,"ADU"
1,"POL","USA",89,100,"ADU"
2,"GIA","USA",84,100,"GEN"
1,"POL","USA",94,100,"ADU"
2,"DRA","USA",88,100,"GEN"
2,"POL","USA",89,100,"TUT"
2,"SPI","USA",67,100,"ADU"
2,"AVV","USA",88,100,"GEN"
2,"MUS","USA",47,100,"ADU"
2,"COM","USA",64,100,"GEN"
4,"WES","USA",68,100,"GEN"
2,"AVV","USA",85,100,"GEN"
2,"POL","USA",83,100,"GEN"
2,"DRA","ITA",95,100,"GEN"
2,"DRA","USA",90,100,"ADU"
3,"COM","USA",88,100,"GEN"
3,"COM","USA",91,100,"GEN"
2,"BEL","USA",67,100,"GEN"
2,"THR","USA",84,100,"GEN"
2,"GIA","ITA",88,100,"GEN"
2,"COM","USA",87,100,"GEN"
2,"COM","ITA",57,100,"GEN"
2,"GIA","GB",71,100,"GEN"
2,"SEN","USA",41,100,"TUT"
2,"COM","SPA",82,100,"ADU"
2,"COM","USA",63,100,"TUT"
2,"AVV","USA",90,100,"ADU"
2,"DRA","ITA",54,100,"GEN"
2,"COM","USA",87,100,"GEN"
2,"GIA","USA",90,100,"GEN"
1,"COM","ITA",82,100,"GEN"
2,"COM","ITA",78,100,"ADU"
2,"AVV","ITA",69,100,"GEN"
3,"COM","ITA",75,100,"TUT"
2,"DRA","USA",63,101,"GEN"
2,"DRA","USA",53,101,"ADU"
2,"COM","ITA",86,101,"ADU"
2,"COM","ITA",62,101,"GEN"
3,"DRA","USA",53,101,"GEN"
2,"COM","USA",84,101,"GEN"
2,"BEL","USA",90,101,"ADU"
1,"FAN","USA",78,101,"TUT"
1,"AZI","USA",88,101,"ADU"
2,"DRA","USA",63,101,"GEN"
3,"WES","USA",53,101,"GEN"
2,"DRA","ITA",93,101,"ADU"
2,"DRA","USA",77,101,"ADU"
2,"COM","USA",42,101,"TUT"
4,"THR","USA",89,101,"ADU"
2,"AVV","USA",78,101,"TUT"
2,"STO","USA",63,101,"TUT"
2,"BEL","USA",90,101,"ADU"
2,"COM","ITA",86,101,"ADU"
3,"COM","ITA",56,101,"GEN"
1,"AVV","ITA",90,101,"GEN"
2,"BEL","GB",90,101,"GEN"
3,"DRA","USA",53,101,"GEN"
4,"DRA","USA",63,101,"ADU"
2,"COM","USA",91,101,"TUT"
2,"COM","USA",42,101,"TUT"
3,"COM","USA",87,102,"GEN"
3,"DRA","USA",63,102,"ADU"
2,"DRA","ITA",53,102,"GEN"
2,"SEN","USA",93,102,"GEN"
3,"GIA","USA",87,102,"ADU"
3,"BEL","USA",88,102,"GEN"
2,"BEL","GB",42,102,"ADU"
3,"POL","FRA",69,102,"GEN"
1,"THR","USA",92,102,"ADU"
3,"POL","USA",73,102,"GEN"
2,"COM","GB",68,102,"GEN"
2,"SEN","USA",93,102,"GEN"
3,"DRA","USA",91,102,"GEN"
2,"COM","USA",87,102,"GEN"
1,"COM","ITA",81,102,"TUT"
2,"DRA","USA",89,102,"GEN"
2,"COM","USA",65,102,"TUT"
1,"COM","ITA",81,102,"TUT"
2,"POL","FRA",87,102,"ADU"
2,"COM","ITA",91,102,"TUT"
3,"THR","USA",41,102,"GEN"
2,"COM","USA",86,102,"GEN"
2,"AVV","USA",79,102,"GEN"
3,"DRA","USA",74,102,"GEN"
2,"AVV","ITA",77,102,"GEN"
2,"THR","USA",85,103,"ADU"
2,"COM","ITA",77,103,"GEN"
3,"FAN","USA",80,103,"ADU"
2,"COM","ITA",80,103,"GEN"
2,"AVV","ITA",75,103,"GEN"
4,"COM","ITA",71,103,"GEN"
2,"COM","ITA",65,103,"ADU"
2,"COM","USA",87,103,"TUT"
2,"COM","FRA",91,103,"GEN"
2,"DRA","USA",89,103,"GEN"
3,"COM","USA",80,103,"TUT"
1,"BIO","ITA",75,103,"GEN"
3,"DRA","ITA",51,103,"GEN"
3,"WES","USA",68,103,"GEN"
2,"DRA","GB",89,103,"ADU"
2,"COM","ITA",92,103,"TUT"
1,"POL","USA",87,104,"ADU"
1,"POL","USA",87,104,"ADU"
3,"COM","ITA",64,104,"ADU"
1,"AVV","USA",84,104,"GEN"
2,"COM","USA",83,104,"GEN"
2,"AVV","USA",84,104,"GEN"
3,"COM","USA",67,104,"GEN"
4,"WES","USA",55,104,"ADU"
2,"AVV","USA",73,104,"GEN"
2,"AVV","USA",49,104,"GEN"
3,"COM","USA",92,104,"GEN"
3,"AVV","USA",80,104,"ADU"
2,"DRA","USA",39,104,"TUT"
3,"BEL","USA",57,104,"GEN"
2,"COM","ITA",60,104,"ADU"
2,"FAN","ITA",80,104,"TUT"
1,"COM","ITA",67,104,"GEN"
1,"AVV","USA",84,104,"GEN"
3,"BEL","USA",51,105,"GEN"
3,"COM","ITA",69,105,"GEN"
2,"POL","USA",73,105,"GEN"
2,"HOR","GB",80,105,"ADU"
2,"COM","USA",91,105,"GEN"
2,"COM","USA",91,105,"GEN"
3,"COM","USA",91,105,"GEN"
3,"POL","USA",91,105,"GEN"
4,"DRA","USA",48,105,"TUT"
2,"STO","ITA",86,105,"GEN"
2,"DRA","FRA",94,105,"ADU"
2,"AZI","USA",93,105,"GEN"
2,"COM","USA",82,105,"GEN"
3,"DRA","USA",73,105,"GEN"
3,"DRA","USA",71,105,"ADU"
1,"COM","ITA",82,105,"GEN"
2,"COM","USA",38,105,"GEN"
3,"AVV","USA",87,105,"GEN"
4,"DRA","USA",87,105,"GEN"
2,"POL","USA",73,105,"GEN"
4,"COM","USA",34,105,"GEN"
3,"COM","USA",71,105,"GEN"
4,"BIO","USA",34,105,"ADU"
1,"COM","ITA",82,105,"GEN"
1,"AVV","USA",77,105,"GEN"
3,"AVV","USA",83,105,"TUT"
2,"COM","USA",56,105,"TUT"
4,"COM","FRA",70,105,"GEN"
2,"STO","ITA",86,105,"GEN"
3,"DRA","USA",91,105,"GEN"
3,"COM","USA",91,105,"TUT"
2,"SEN","USA",76,105,"TUT"
3,"COM","USA",91,105,"GEN"
2,"COM","ITA",75,105,"ADU"
2,"COM","USA",81,105,"ADU"
2,"AVV","USA",75,105,"TUT"
1,"THR","USA",92,105,"ADU"
2,"DRA","USA",91,105,"GEN"
4,"COM","FRA",70,105,"GEN"
2,"HOR","GB",88,105,"GEN"
2,"COM","ITA",76,105,"ADU"
2,"COM","ITA",85,105,"ADU"
3,"POL","USA",87,106,"GEN"
2,"WES","USA",75,106,"GEN"
4,"AVV","GB",40,106,"TUT"
3,"COM","ITA",72,106,"ADU"
3,"AVV","USA",48,106,"GEN"
2,"POL","USA",90,106,"GEN"
3,"DRA","ITA",71,106,"GEN"
2,"HOR","ITA",87,106,"ADU"
3,"STO","USA",55,106,"GEN"
2,"COM","ITA",64,106,"ADU"
1,"THR","USA",95,106,"ADU"
2,"THR","USA",86,106,"GEN"
2,"POL","USA",90,106,"GEN"
2,"FAN","USA",84,106,"TUT"
3,"DRA","ITA",63,106,"ADU"
1,"DRA","ITA",82,106,"GEN"
2,"AVV","GER",91,106,"TUT"
2,"DRA","INT",90,107,"GEN"
2,"GIA","USA",93,107,"ADU"
1,"HOR","USA",78,107,"ADU"
3,"GIA","USA",91,107,"GEN"
3,"AVV","GB",76,107,"GEN"
2,"COM","USA",89,107,"GEN"
2,"DRA","ITA",84,107,"ADU"
3,"CMC","USA",63,107,"TUT"
2,"COM","USA",55,107,"TUT"
3,"DRA","USA",89,107,"GEN"
2,"DRA","USA",81,107,"ADU"
2,"DRA","USA",81,107,"ADU"
2,"COM","USA",87,107,"GEN"
4,"DRA","ITA",61,107,"ADU"
3,"FAN","USA",87,107,"ADU"
3,"COM","USA",89,107,"TUT"
2,"DRA","USA",56,107,"GEN"
2,"POL","ITA",80,108,"GEN"
2,"CMC","USA",81,108,"TUT"
3,"DRA","USA",48,108,"GEN"
2,"COM","ITA",61,108,"ADU"
3,"DRA","USA",78,108,"ADU"
2,"WES","USA",53,108,"GEN"
2,"STO","ITA",88,108,"GEN"
2,"COM","ITA",61,108,"ADU"
3,"COM","USA",67,108,"TUT"
3,"COM","USA",52,108,"GEN"
2,"THR","USA",89,108,"GEN"
4,"COM","ITA",72,108,"ADU"
3,"MUS","USA",54,108,"TUT"
1,"DRA","USA",81,108,"ADU"
2,"AVV","USA",85,108,"GEN"
3,"DRA","USA",78,108,"ADU"
2,"STO","ITA",88,108,"GEN"
3,"HOR","USA",88,108,"GEN"
2,"THR","USA",89,108,"GEN"
3,"HOR","USA",88,108,"GEN"
3,"SEN","USA",37,108,"GEN"
3,"DRA","USA",81,109,"GEN"
3,"GIA","USA",84,109,"ADU"
2,"COM","USA",85,109,"GEN"
2,"STO","USA",60,109,"GEN"
4,"DRA","USA",72,109,"ADU"
2,"DRA","USA",79,109,"GEN"
3,"COM","USA",90,109,"TUT"
2,"STO","USA",60,109,"GEN"
3,"DRA","USA",56,109,"GEN"
3,"WES","USA",61,109,"TUT"
2,"AVV","USA",42,109,"TUT"
2,"WES","USA",93,109,"GEN"
2,"FAN","USA",87,109,"TUT"
2,"DRA","USA",93,109,"TUT"
3,"DRA","USA",49,109,"GEN"
2,"DRA","USA",87,109,"ADU"
3,"COM","ITA",54,109,"GEN"
2,"DRA","USA",90,110,"GEN"
2,"COM","USA",80,110,"TUT"
1,"AVV","USA",84,110,"TUT"
2,"DRA","USA",79,110,"ADU"
4,"DRA","ITA",60,110,"TUT"
2,"BEL","USA",49,110,"GEN"
3,"FAN","USA",92,110,"ADU"
3,"COM","USA",39,110,"TUT"
3,"DRA","USA",49,110,"GEN"
2,"COM","USA",63,110,"ADU"
2,"COM","ITA",65,110,"GEN"
2,"DRA","USA",87,110,"GEN"
2,"CMC","ITA",73,110,"ADU"
2,"COM","USA",90,110,"GEN"
2,"DRA","ITA",77,110,"GEN"
3,"COM","USA",92,110,"GEN"
4,"COM","SVE",55,110,"ADU"
3,"POL","USA",89,110,"ADU"
3,"AVV","USA",55,110,"GEN"
1,"CMC","ITA",80,110,"ADU"
2,"COM","USA",63,110,"ADU"
2,"CMC","ITA",58,110,"TUT"
2,"COM","ITA",86,110,"GEN"
2,"COM","ITA",87,110,"GEN"
3,"DRA","USA",49,110,"GEN"
2,"COM","USA",93,110,"GEN"
1,"COM","ITA",89,110,"GEN"
2,"DRA","USA",90,110,"GEN"
2,"DRA","ITA",54,110,"GEN"
2,"COM","ITA",87,110,"GEN"
2,"COM","ITA",87,110,"GEN"
3,"DRA","USA",84,110,"GEN"
1,"DRA","USA",76,110,"ADU"
4,"DRA","ITA",60,110,"TUT"
2,"COM","ITA",62,110,"GEN"
2,"DRA","USA",87,110,"GEN"
2,"COM","USA",58,110,"TUT"
2,"COM","ITA",86,110,"GEN"
4,"COM","ITA",50,110,"TUT"
2,"COM","USA",87,111,"TUT"
2,"AVV","USA",78,111,"GEN"
3,"COM","GB",93,111,"GEN"
2,"DRA","USA",88,111,"ADU"
2,"DRA","USA",88,111,"ADU"
3,"MUS","USA",55,111,"TUT"
2,"COM","ITA",71,111,"GEN"
3,"DRA","USA",87,112,"GEN"
2,"WES","USA",79,112,"GEN"
2,"AZI","USA",91,112,"GEN"
2,"COM","ITA",84,112,"TUT"
1,"COM","AUT",88,112,"TUT"
2,"DRA","USA",87,112,"ADU"
2,"COM","USA",92,112,"TUT"
1,"COM","AUS",88,112,"TUT"
3,"COM","USA",42,112,"TUT"
1,"COM","ITA",92,112,"GEN"
2,"DRA","ITA",94,112,"GEN"
2,"WES","USA",79,112,"GEN"
4,"DRA","ITA",51,113,"GEN"
4,"DRA","USA",76,113,"ADU"
2,"POL","USA",70,113,"ADU"
3,"DRA","USA",46,113,"ADU"
2,"COM","USA",86,113,"ADU"
3,"DRA","FRA",89,113,"GEN"
2,"COM","ITA",70,113,"ADU"
4,"DRA","USA",78,113,"ADU"
2,"WES","GB",68,113,"GEN"
4,"MUS","USA",44,113,"TUT"
4,"DRA","USA",75,113,"ADU"
2,"COM","ITA",85,113,"TUT"
2,"BEL","ITA",68,113,"GEN"
1,"COM","ITA",85,113,"GEN"
4,"POL","USA",49,114,"ADU"
2,"COM","USA",64,114,"GEN"
4,"POL","USA",49,114,"ADU"
2,"AVV","USA",58,114,"GEN"
1,"COM","ITA",82,114,"TUT"
3,"POL","USA",70,114,"ADU"
4,"THR","USA",44,114,"ADU"
4,"CRI","USA",74,114,"GEN"
1,"AVV","ITA",78,114,"TUT"
1,"COM","ITA",82,114,"TUT"
2,"DRA","USA",90,114,"ADU"
3,"POL","USA",85,114,"GEN"
4,"GIA","USA",46,114,"ADU"
3,"GIA","USA",90,114,"GEN"
3,"WES","USA",70,114,"GEN"
4,"THR","USA",44,114,"ADU"
2,"AVV","USA",84,114,"ADU"
2,"COM","USA",64,114,"GEN"
2,"AVV","GB",63,115,"GEN"
3,"COM","USA",90,115,"GEN"
3,"DRA","USA",61,115,"ADU"
4,"DRA","BEL",88,115,"TUT"
2,"GIA","USA",82,115,"GEN"
3,"DRA","AUS",75,115,"GEN"
3,"COM","ITA",86,115,"GEN"
3,"DRA","USA",55,115,"GEN"
3,"DRA","USA",93,115,"ADU"
2,"COM","USA",91,115,"GEN"
2,"WES","ITA",71,115,"GEN"
4,"AVV","GB",39,115,"TUT"
4,"DRA","USA",32,115,"GEN"
3,"COM","GB",85,115,"GEN"
2,"POL","USA",73,115,"GEN"
2,"WES","ITA",71,115,"GEN"
2,"COM","USA",64,115,"ADU"
3,"COM","USA",78,116,"TUT"
3,"GRO","USA",65,116,"GEN"
3,"COM","USA",83,116,"GEN"
3,"AVV","USA",92,116,"ADU"
4,"COM","USA",81,116,"GEN"
1,"COM","USA",89,116,"GEN"
2,"SPI","USA",65,116,"GEN"
2,"COM","ITA",78,117,"GEN"
2,"COM","ITA",83,117,"GEN"
4,"FAN","USA",79,117,"ADU"
2,"COM","ITA",78,117,"GEN"
3,"DRA","USA",58,117,"GEN"
3,"DRA","USA",88,117,"ADU"
2,"AVV","USA",90,118,"ADU"
3,"COM","USA",57,118,"GEN"
2,"DRA","GB",52,118,"GEN"
3,"WES","USA",53,118,"ADU"
3,"WES","USA",60,118,"GEN"
2,"HOR","USA",85,118,"ADU"
3,"CMC","ITA",94,118,"TUT"
4,"SEN","USA",73,118,"GEN"
3,"COM","ITA",54,118,"GEN"
3,"AVV","USA",84,118,"TUT"
3,"AVV","USA",84,118,"TUT"
3,"GIA","USA",22,118,"GEN"
4,"DRA","ITA",61,119,"ADU"
3,"AVV","USA",76,119,"GEN"
2,"COM","GB",63,119,"GEN"
3,"AVV","USA",35,119,"TUT"
2,"COM","GB",63,119,"GEN"
3,"COM","USA",89,119,"GEN"
4,"WES","USA",56,119,"ADU"
3,"CMC","ITA",91,120,"TUT"
2,"DRA","USA",94,120,"GEN"
2,"THR","USA",78,120,"GEN"
2,"HOR","USA",92,120,"ADU"
2,"THR","USA",78,120,"GEN"
1,"THR","USA",90,120,"ADU"
2,"DRA","ITA",90,120,"ADU"
1,"AVV","USA",79,120,"TUT"
2,"DRA","ITA",90,120,"GEN"
2,"AVV","USA",92,120,"ADU"
2,"COM","ITA",57,120,"TUT"
2,"MUS","USA",91,120,"ADU"
2,"DRA","USA",90,120,"ADU"
3,"DRA","USA",78,120,"ADU"
2,"DRA","ITA",90,120,"GEN"
1,"POL","USA",90,120,"ADU"
3,"COM","USA",64,120,"TUT"
2,"SEN","USA",80,120,"TUT"
1,"THR","USA",90,120,"ADU"
2,"DRA","USA",94,120,"ADU"
2,"DRA","USA",92,120,"GEN"
3,"DRA","USA",58,120,"GEN"
3,"HOR","USA",82,120,"ADU"
3,"COM","USA",90,120,"GEN"
2,"POL","FRA",83,120,"GEN"
3,"DRA","ITA",64,120,"GEN"
2,"DRA","USA",56,121,"GEN"
3,"WES","USA",59,121,"GEN"
2,"DRA","GB",90,121,"GEN"
3,"COM","USA",56,121,"GEN"
5,"WES","USA",59,121,"GEN"
2,"SEN","USA",59,121,"GEN"
2,"DRA","GB",90,121,"GEN"
3,"THR","USA",62,121,"GEN"
2,"AVV","USA",74,122,"GEN"
3,"PSI","FRA",81,122,"ADU"
3,"COM","USA",79,122,"GEN"
2,"DRA","USA",88,122,"GEN"
2,"DRA","USA",88,122,"GEN"
2,"AVV","USA",89,122,"GEN"
2,"AVV","USA",85,123,"GEN"
2,"AVV","USA",85,123,"ADU"
2,"DRA","USA",41,123,"GEN"
3,"DRA","USA",89,123,"GEN"
3,"DRA","USA",90,123,"ADU"
3,"DRA","USA",86,123,"GEN"
3,"THR","USA",79,123,"GEN"
3,"AVV","GB",77,123,"GEN"
3,"AVV","USA",40,123,"ADU"
2,"AVV","GB",86,123,"GEN"
4,"AVV","USA",75,124,"GEN"
3,"DRA","USA",87,124,"ADU"
2,"COM","ITA",71,124,"GEN"
2,"COM","USA",60,124,"GEN"
2,"SEN","USA",59,124,"GEN"
1,"COM","ITA",73,124,"ADU"
2,"COM","USA",89,124,"GEN"
2,"SEN","USA",59,124,"GEN"
3,"COM","ITA",63,125,"GEN"
3,"DRA","USA",77,125,"GEN"
3,"AVV","ITA",64,125,"GEN"
3,"THR","FRA",90,125,"ADU"
3,"AVV","ITA",64,125,"GEN"
3,"THR","FRA",90,125,"ADU"
2,"AVV","ITA",76,125,"TUT"
3,"DRA","USA",77,125,"GEN"
3,"THR","USA",92,125,"ADU"
3,"WES","USA",64,125,"ADU"
3,"COM","ITA",63,125,"GEN"
2,"POL","USA",81,125,"ADU"
3,"WES","USA",64,125,"ADU"
2,"DRA","USA",62,126,"GEN"
3,"WES","USA",60,126,"GEN"
2,"DRA","USA",62,126,"GEN"
3,"AVV","USA",85,126,"ADU"
2,"DRA","USA",61,126,"GEN"
3,"FAN","USA",92,126,"TUT"
2,"DRA","USA",91,126,"ADU"
2,"DRA","USA",86,126,"ADU"
2,"BIO","USA",77,127,"ADU"
3,"THR","USA",92,127,"ADU"
3,"DRA","USA",89,127,"GEN"
5,"COM","ITA",73,127,"GEN"
2,"AVV","USA",86,127,"ADU"
2,"WES","USA",69,128,"GEN"
3,"WES","USA",69,128,"GEN"
2,"THR","GB",74,128,"GEN"
4,"DRA","USA",63,129,"TUT"
3,"AVV","GB",84,129,"GEN"
2,"POL","USA",73,129,"ADU"
3,"AVV","GB",84,129,"GEN"
2,"DRA","USA",76,130,"GEN"
3,"AVV","USA",75,130,"GEN"
3,"AVV","USA",75,130,"GEN"
2,"COM","ITA",87,130,"GEN"
1,"AVV","USA",66,130,"GEN"
2,"AZI","GB",85,130,"GEN"
3,"DRA","USA",43,130,"GEN"
2,"COM","ITA",87,130,"GEN"
3,"AVV","USA",75,130,"GEN"
2,"THR","GB",74,130,"GEN"
3,"WES","USA",76,131,"GEN"
2,"BEL","GB",69,132,"GEN"
3,"COM","USA",82,133,"GEN"
3,"COM","USA",82,133,"GEN"
2,"DRA","USA",91,134,"ADU"
2,"AVV","USA",76,134,"GEN"
2,"AVV","USA",76,134,"GEN"
2,"MUS","USA",79,134,"GEN"
2,"DRA","USA",91,134,"ADU"
2,"DRA","USA",91,134,"GEN"
2,"AZI","GB",89,135,"GEN"
3,"DRA","USA",66,135,"GEN"
3,"DRA","USA",91,135,"GEN"
3,"AVV","USA",73,135,"GEN"
3,"WES","USA",76,135,"GEN"
3,"BEL","USA",45,135,"GEN"
2,"DRA","USA",66,135,"GEN"
2,"COM","USA",92,135,"GEN"
2,"DRA","USA",92,135,"GEN"
4,"FAN","USA",77,135,"ADU"
3,"COM","USA",82,136,"GEN"
3,"COM","USA",61,136,"TUT"
3,"AZI","GB",83,137,"GEN"
3,"DRA","USA",84,137,"ADU"
4,"COM","ITA",87,137,"TUT"
3,"AVV","GB",83,137,"GEN"
4,"POL","USA",93,137,"ADU"
3,"BIO","USA",83,137,"GEN"
2,"DRA","ITA",68,138,"ADU"
3,"DRA","USA",56,139,"ADU"
5,"WES","USA",69,139,"ADU"
4,"COM","ITA",75,140,"GEN"
3,"DRA","GER",85,140,"GEN"
4,"DRA","USA",90,140,"GEN"
4,"COM","ITA",75,140,"GEN"
2,"FAN","GB",76,140,"GEN"
2,"DRA","GB",68,140,"ADU"
2,"DRA","ITA",79,140,"ADU"
3,"BEL","GER",80,140,"GEN"
2,"WES","USA",92,140,"GEN"
5,"WES","USA",59,141,"GEN"
3,"BIO","USA",92,144,"GEN"
3,"BIO","USA",92,144,"GEN"
3,"COM","USA",72,144,"GEN"
2,"SPI","USA",73,144,"GEN"
3,"MUS","USA",68,151,"ADU"
2,"DRA","USA",57,152,"GEN"
3,"DRA","USA",87,152,"ADU"
3,"DRA","USA",87,152,"ADU"
3,"DRA","GB",62,153,"ADU"
3,"DRA","GB",48,153,"GEN"
3,"AVV","USA",65,154,"GEN"
2,"BIO","USA",43,156,"GEN"
2,"BIO","USA",43,156,"GEN"
2,"WES","USA",64,159,"GEN"
3,"WES","USA",64,159,"GEN"
4,"DRA","ITA",87,160,"GEN"
4,"BEL","GB",57,161,"ADU"
2,"BEL","USA",65,165,"GEN"
3,"DRA","USA",57,168,"GEN"
3,"DRA","USA",57,168,"GEN"
2,"STO","ITA",66,174,"TUT"
2,"STO","ITA",66,174,"TUT"
3,"BIO","GB",82,189,"TUT"
4,"DRA","USA",91,189,"ADU"
4,"DRA","USA",59,212,"GEN"
4,"GAN","USA",84,220,"ADU"
4,"GAN","USA",84,220,"ADU"
4,"STO","USA",56,222,"TUT"
3,"AVV","USA",56,222,"TUT"
2,"DRA","SPA",72,95,"ADU"
3,"BEL","USA",83,103,"ADU"
3,"WES","USA",59,106,"ADU"
2,"GIA","USA",86,89,"ADU"
3,"AVV","USA",87,104,"ADU"
3,"GIA","USA",82,116,"ADU"
3,"WES","USA",73,122,"ADU"
2,"GIA","USA",50,93,"ADU"
3,"THR","USA",91,128,"ADU"
2,"GIA","USA",89,93,"ADU"
2,"THR","USA",90,107,"ADU"
1,"GIA","ITA",88,85,"ADU"
2,"AVV","USA",89,106,"ADU"
2,"BIO","ITA",86,125,"ADU"
1,"THR","USA",93,88,"ADU"
3,"GIA","ITA",75,128,"ADU"
1,"THR","USA",92,105,"ADU"
3,"GAN","GB",90,119,"ADU"
1,"THR","GER",91,95,"ADU"
2,"FAN","USA",89,95,"ADU"
2,"THR","USA",92,92,"ADU"
2,"FAN","USA",87,102,"ADU"
1,"SEX","ITA",78,90,"ADU"
2,"FAN","USA",87,97,"ADU"
3,"SEN","USA",84,108,"ADU"
2,"DRA","USA",93,90,"ADU"
2,"POL","USA",73,124,"ADU"
3,"DRA","USA",56,114,"ADU"
2,"POL","ITA",73,105,"ADU"
3,"DRA","USA",42,127,"ADU"
2,"POL","USA",87,102,"ADU"
2,"DRA","USA",84,108,"ADU"
2,"POL","USA",73,111,"ADU"
3,"DRA","ITA",91,85,"ADU"
2,"POL","USA",91,91,"ADU"
2,"DRA","GB",58,99,"ADU"
1,"POL","USA",92,90,"ADU"
4,"CMC","USA",80,130,"ADU"
2,"MUS","USA",75,137,"ADU"
3,"DRA","USA",63,101,"ADU"
2,"HOR","USA",78,116,"ADU"
3,"DRA","GB",87,135,"ADU"
3,"HOR","USA",82,113,"ADU"
2,"DRA","USA",94,87,"ADU"
2,"AZI","USA",91,93,"ADU"
4,"DRA","USA",93,100,"ADU"
2,"HOR","USA",90,99,"ADU"
2,"DRA","USA",90,88,"ADU"
2,"HOR","CAN",88,95,"ADU"
3,"DRA","USA",85,85,"ADU"
2,"GIA","USA",89,100,"ADU"
2,"DRA","USA",51,87,"ADU"
2,"GIA","GB",91,99,"ADU"
2,"DRA","USA",63,101,"ADU"
3,"WES","USA",54,100,"ADU"
3,"DRA","USA",80,132,"ADU"
2,"THR","USA",94,90,"ADU"
2,"DRA","GB",91,101,"ADU"
2,"THR","USA",94,100,"ADU"
2,"DRA","USA",92,92,"ADU"
3,"THR","USA",94,90,"ADU"
4,"DRA","USA",55,111,"ADU"
2,"THR","USA",95,98,"ADU"
2,"DRA","FRA",91,96,"ADU"
2,"POL","USA",88,99,"ADU"
2,"DRA","USA",93,89,"ADU"
3,"POL","USA",87,107,"ADU"
2,"DRA","FRA",63,95,"ADU"
2,"POL","CAN",80,97,"ADU"
2,"DRA","USA",71,97,"ADU"
2,"POL","USA",86,100,"ADU"
2,"DRA","USA",92,90,"ADU"
2,"AVV","USA",89,98,"ADU"
3,"DRA","USA",59,114,"ADU"
4,"HOR","GB",58,82,"ADU"
2,"DRA","USA",91,90,"ADU"
2,"GIA","HOL",88,105,"ADU"
2,"DRA","USA",91,99,"ADU"
2,"WES","ITA",73,98,"ADU"
3,"DRA","USA",77,118,"ADU"
2,"THR","USA",94,90,"ADU"
2,"DRA","USA",91,90,"ADU"
2,"THR","USA",90,100,"ADU"
2,"DRA","CAN",87,100,"ADU"
3,"POL","USA",89,106,"ADU"
2,"DRA","USA",93,91,"ADU"
2,"POL","ITA",51,90,"ADU"
4,"DRA","USA",67,109,"ADU"
1,"HOR","ITA",88,82,"ADU"
2,"COM","SPA",90,101,"ADU"
3,"GIA","USA",91,130,"ADU"
2,"COM","ITA",92,95,"ADU"
2,"AVV","USA",85,90,"ADU"
2,"COM","ITA",75,105,"ADU"
2,"POL","USA",73,95,"ADU"
2,"COM","ITA",91,105,"ADU"
2,"AZI","USA",87,88,"ADU"
2,"COM","ITA",85,100,"ADU"
3,"AVV","USA",75,128,"ADU"
1,"COM","ITA",76,100,"ADU"
4,"THR","USA",86,117,"ADU"
3,"COM","USA",80,121,"ADU"
3,"HOR","USA",63,101,"ADU"
1,"COM","ITA",70,86,"ADU"
2,"DRA","USA",91,110,"GEN"
1,"CMC","ITA",76,101,"GEN"
2,"AVV","ITA",76,100,"GEN"
2,"DRA","USA",59,123,"GEN"
4,"WES","USA",59,141,"GEN"
3,"COM","ITA",78,91,"GEN"
3,"COM","USA",36,115,"GEN"
3,"COM","SPA",88,100,"GEN"
2,"WES","USA",69,119,"GEN"
2,"DRA","USA",87,100,"GEN"
3,"COM","USA",87,97,"GEN"
3,"COM","ITA",67,120,"GEN"
2,"WES","USA",69,110,"GEN"
2,"DRA","FRA",86,110,"GEN"
3,"COM","ITA",91,88,"GEN"
3,"COM","USA",87,131,"GEN"
3,"WES","USA",68,92,"GEN"
2,"COM","ITA",85,107,"GEN"
1,"WES","ITA",67,105,"GEN"
3,"COM","USA",37,84,"GEN"
2,"COM","ITA",79,98,"GEN"
2,"DRA","ITA",91,94,"GEN"
3,"WES","USA",55,96,"GEN"
2,"DRA","USA",58,158,"GEN"
2,"WES","USA",52,91,"GEN"
1,"COM","ITA",94,102,"GEN"
2,"COM","USA",90,80,"GEN"
3,"DRA","ITA",60,110,"GEN"
2,"COM","ITA",93,121,"GEN"
1,"DRA","ITA",82,122,"GEN"
4,"COM","USA",86,96,"GEN"
2,"DRA","USA",89,105,"GEN"
3,"COM","USA",87,102,"GEN"
2,"AVV","CAN",79,101,"GEN"
2,"WES","USA",57,102,"GEN"
2,"THR","USA",93,106,"GEN"
3,"COM","USA",39,86,"GEN"
2,"DRA","CAN",81,121,"GEN"
2,"COM","USA",92,87,"GEN"
4,"DRA","USA",63,101,"GEN"
2,"COM","ITA",83,117,"GEN"
3,"THR","USA",79,102,"GEN"
2,"COM","USA",84,94,"GEN"
3,"AVV","USA",58,86,"GEN"
2,"COM","USA",90,90,"GEN"
3,"DRA","USA",52,90,"GEN"
2,"AVV","GB",89,94,"GEN"
2,"COM","USA",83,93,"GEN"
2,"COM","ITA",80,95,"GEN"
2,"DRA","USA",86,91,"GEN"
2,"WES","USA",68,114,"GEN"
3,"DRA","USA",40,100,"GEN"
2,"WES","ITA",68,83,"GEN"
4,"DRA","FRA",43,90,"GEN"
3,"THR","USA",88,100,"GEN"
3,"STO","ITA",41,87,"GEN"
2,"THR","FRA",78,95,"GEN"
2,"SPI","USA",84,113,"GEN"
2,"COM","ITA",90,90,"GEN"
2,"COM","ITA",82,114,"GEN"
2,"AVV","ITA",82,92,"GEN"
3,"COM","ITA",65,100,"GEN"
3,"DRA","USA",80,117,"GEN"
3,"COM","ITA",88,92,"GEN"
2,"DRA","USA",61,153,"GEN"
3,"AVV","USA",80,119,"GEN"
1,"DRA","ITA",81,88,"GEN"
2,"AVV","USA",90,90,"GEN"
2,"SPI","GB",87,130,"GEN"
1,"COM","ITA",86,101,"GEN"
2,"COM","USA",89,96,"GEN"
2,"COM","ITA",82,113,"GEN"
1,"SEN","USA",93,90,"GEN"
2,"AVV","USA",84,96,"GEN"
1,"DRA","USA",88,92,"GEN"
3,"COM","USA",57,110,"GEN"
1,"DRA","ITA",81,107,"GEN"
3,"COM","ITA",89,90,"GEN"
4,"DRA","USA",75,113,"GEN"
5,"COM","USA",32,83,"GEN"
1,"SEN","USA",92,90,"GEN"
2,"COM","USA",88,92,"GEN"
2,"DRA","ITA",53,95,"GEN"
3,"COM","FRA",90,94,"GEN"
3,"SEN","USA",40,103,"GEN"
2,"COM","GB",80,110,"GEN"
2,"DRA","USA",93,90,"GEN"
2,"AVV","USA",79,115,"GEN"
2,"AVV","USA",80,121,"GEN"
2,"AVV","ITA",40,98,"GEN"
3,"AVV","USA",55,115,"GEN"
2,"COM","USA",69,132,"GEN"
2,"CMC","USA",88,85,"GEN"
2,"AVV","USA",81,95,"GEN"
3,"POL","USA",46,99,"GEN"
3,"DRA","USA",55,117,"GEN"
3,"POL","USA",88,103,"GEN"
2,"COM","ITA",92,103,"GEN"
2,"DRA","GB",78,121,"GEN"
2,"COM","ITA",54,100,"GEN"
1,"DRA","ITA",68,95,"GEN"
3,"WES","USA",80,95,"GEN"
1,"AVV","ITA",85,93,"GEN"
3,"WES","USA",67,126,"GEN"
2,"AVV","USA",91,135,"GEN"
2,"COM","USA",91,104,"GEN"
2,"DRA","USA",89,117,"GEN"
2,"WES","ITA",68,132,"GEN"
2,"AVV","CAN",85,85,"GEN"
2,"COM","USA",59,80,"GEN"
2,"AVV","USA",55,106,"GEN"
2,"COM","ITA",88,104,"GEN"
2,"AVV","USA",59,115,"GEN"
3,"COM","USA",83,93,"GEN"
2,"POL","USA",88,98,"GEN"
2,"COM","USA",63,101,"GEN"
2,"DRA","USA",93,89,"GEN"
3,"COM","USA",78,112,"GEN"
2,"FAN","USA",87,100,"GEN"
2,"AVV","USA",89,100,"GEN"
1,"FAN","USA",75,101,"GEN"
2,"COM","USA",82,110,"GEN"
3,"FAN","USA",84,107,"GEN"
1,"COM","USA",84,92,"GEN"
2,"FAN","USA",81,109,"GEN"
2,"COM","USA",88,98,"GEN"
2,"AVV","USA",87,99,"GEN"
3,"COM","ITA",91,100,"GEN"
2,"AVV","USA",90,106,"GEN"
3,"COM","ITA",76,85,"GEN"
1,"CMC","ITA",70,91,"GEN"
2,"COM","USA",87,89,"GEN"
2,"FAN","USA",87,98,"GEN"
3,"THR","USA",88,120,"GEN"
2,"AVV","ITA",92,114,"GEN"
3,"COM","GB",90,115,"GEN"
2,"CMC","ITA",80,99,"GEN"
2,"COM","USA",91,95,"GEN"
3,"POL","USA",88,106,"GEN"
3,"COM","ITA",68,128,"GEN"
2,"POL","USA",91,99,"GEN"
3,"COM","USA",90,126,"GEN"
2,"FAN","USA",82,113,"GEN"
2,"DRA","ARG",86,118,"GEN"
2,"FAN","USA",80,100,"GEN"
3,"DRA","USA",68,144,"GEN"
2,"FAN","USA",84,114,"GEN"
2,"WES","USA",69,91,"GEN"
3,"GAN","USA",39,104,"GEN"
2,"COM","ITA",65,112,"GEN"
2,"CMC","USA",89,97,"GEN"
2,"WES","USA",69,128,"GEN"
2,"GIA","ITA",80,98,"GEN"
2,"COM","GER",93,114,"GEN"
2,"AVV","USA",83,107,"GEN"
1,"COM","ITA",87,95,"GEN"
1,"BIO","ITA",55,104,"GEN"
3,"WES","USA",65,120,"GEN"
2,"MUS","USA",54,132,"GEN"
2,"THR","USA",78,100,"GEN"
1,"BEL","CAN",88,105,"GEN"
2,"COM","USA",58,107,"GEN"
2,"GIA","USA",75,90,"GEN"
3,"COM","USA",48,116,"GEN"
3,"BEL","GB",77,123,"GEN"
2,"COM","USA",84,98,"GEN"
2,"BEL","USA",70,145,"GEN"
4,"DRA","USA",73,112,"GEN"
2,"MUS","ITA",66,90,"GEN"
4,"DRA","USA",40,129,"GEN"
3,"BEL","ITA",69,127,"GEN"
3,"COM","USA",82,105,"GEN"
2,"GIA","USA",92,100,"GEN"
2,"WES","ITA",67,87,"GEN"
2,"BEL","USA",48,96,"GEN"
2,"COM","USA",56,101,"GEN"
3,"GIA","USA",87,121,"GEN"
3,"THR","USA",92,125,"GEN"
2,"BEL","GB",70,100,"GEN"
2,"COM","USA",89,107,"GEN"
2,"AZI","GB",74,125,"GEN"
3,"DRA","USA",80,98,"GEN"
2,"AZI","USA",85,88,"GEN"
2,"COM","USA",90,96,"GEN"
3,"HOR","USA",86,95,"GEN"
3,"COM","USA",91,108,"GEN"
1,"AZI","USA",92,90,"GEN"
2,"AVV","USA",91,91,"GEN"
2,"AVV","GB",79,127,"GEN"
2,"AVV","GER",72,100,"GEN"
2,"MUS","USA",68,151,"GEN"
3,"DRA","FRA",92,106,"GEN"
4,"HOR","USA",32,64,"GEN"
2,"COM","ITA",76,102,"GEN"
3,"HOR","USA",31,71,"GEN"
3,"COM","USA",75,105,"GEN"
2,"COM","USA",89,91,"TUT"
2,"COM","USA",87,103,"TUT"
2,"AVV","USA",85,99,"TUT"
3,"DRA","USA",91,100,"TUT"
4,"AVV","USA",32,70,"TUT"
3,"DRA","USA",60,134,"TUT"
5,"MUS","USA",49,98,"TUT"
3,"COM","USA",73,130,"TUT"
2,"AVV","ITA",72,95,"TUT"
2,"COM","USA",91,100,"TUT"
2,"BIO","ITA",51,91,"TUT"
2,"COM","USA",76,115,"TUT"
2,"AVV","ITA",82,92,"TUT"
2,"COM","USA",58,95,"TUT"
2,"AVV","AUS",86,95,"TUT"
2,"AVV","USA",90,95,"TUT"
4,"FAN","USA",84,91,"TUT"
2,"COM","USA",82,97,"TUT"
2,"FAN","USA",90,118,"TUT"
3,"COM","USA",64,140,"TUT"
2,"AVV","ITA",75,115,"TUT"
3,"THR","USA",75,115,"TUT"
3,"DRA","GB",84,90,"TUT"
2,"COM","ITA",50,90,"TUT"
2,"CMC","USA",88,90,"TUT"
1,"AVV","ITA",80,104,"TUT"
2,"CMC","ITA",61,107,"TUT"
3,"COM","ITA",90,117,"TUT"
2,"POL","USA",85,101,"TUT"
2,"COM","USA",90,88,"TUT"
2,"SEN","USA",93,90,"TUT"
3,"COM","USA",89,107,"TUT"
3,"SEN","USA",91,110,"TUT"
2,"COM","USA",61,97,"TUT"
2,"CMC","ITA",50,85,"TUT"
2,"AVV","USA",91,107,"TUT"
2,"DRA","FRA",79,90,"TUT"
2,"COM","USA",92,121,"TUT"
2,"COM","USA",87,103,"TUT"
2,"COM","ITA",73,128,"TUT"
2,"COM","USA",91,96,"TUT"
4,"AVV","USA",92,101,"TUT"
2,"MUS","USA",49,90,"TUT"
3,"WES","USA",52,93,"TUT"
2,"MUS","USA",50,97,"TUT"
2,"COM","USA",68,90,"TUT"
3,"BIO","USA",43,156,"TUT"
2,"COM","ITA",87,94,"TUT"
3,"CMC","USA",52,96,"TUT"
3,"COM","USA",63,101,"TUT"
4,"CMC","USA",37,111,"TUT"
2,"COM","USA",51,98,"TUT"
3,"CMC","USA",32,68,"TUT"
2,"COM","USA",91,112,"TUT"
2,"CMC","ITA",62,95,"TUT"
3,"COM","FIN",89,78,"TUT"
2,"CMC","USA",54,103,"TUT"
2,"COM","ITA",41,89,"TUT"
2,"AVV","GB",76,98,"TUT"
2,"COM","USA",60,100,"TUT"
2,"AVV","ITA",79,109,"TUT"
2,"COM","USA",48,99,"TUT"
2,"BEL","USA",63,140,"TUT"
2,"COM","USA",84,101,"TUT"
3,"FAN","USA",39,101,"TUT"
2,"COM","USA",92,86,"TUT"
2,"CMC","USA",86,92,"TUT"
2,"COM","ITA",87,102,"TUT"
3,"DRA","USA",93,114,"TUT"
3,"COM","ITA",37,86,"TUT"
2,"COM","USA",80,100,"TUT"
2,"COM","ITA",66,95,"TUT"
2,"MUS","USA",47,96,"TUT"
3,"COM","USA",90,102,"TUT"
2,"CMC","USA",60,88,"TUT"
1,"COM","USA",89,87,"TUT"
2,"COM","ITA",92,93,"TUT"
3,"COM","ITA",59,92,"TUT"
2,"CMC","ITA",74,90,"TUT"
3,"COM","FRA",69,95,"TUT"
3,"FAN","GER",84,90,"TUT"
4,"COM","USA",34,96,"TUT"
,"DRA","USA",47,104,
,"DRA","SVE",66,85,
,"MUS","USA",73,120,
,"AVV","USA",81,115,
,"DRA","SVE",63,95,
,"STO","USA",59,212,
,"COM","ITA",64,90,
,"COM","USA",88,108,
,"COM","USA",66,114,
,"COM","ITA",70,117,
,"DRA","ITA",77,122,
,"AVV","USA",84,101,
,"DRA","USA",79,101,
,"DRA","USA",81,90,
,"FAN","USA",41,84,
,"DRA","ITA",60,102,
,"COM","ITA",72,99,
,"COM","ITA",58,100,
,"COM","ITA",86,120,
,"THR","USA",84,102,
,"COM","USA",89,117,
,"WES","ITA",64,96,
,"DRA","ITA",91,134,
,"DRA","ITA",67,92,
,"COM","USA",87,118,
,"DRA","ITA",87,119,
,"DRA","ITA",68,95,
,"COM","USA",79,116,
,"WES","ITA",65,126,
,"COM","USA",88,105,
,"DRA","USA",90,100,
,"DRA","USA",91,124,
,"DRA","USA",80,128,
,"COM","USA",79,118,
,"COM","ITA",92,125,
,"DRA","ITA",70,93,
,"DRA","ITA",77,105,
,"COM","ITA",93,121,
,"DRA","USA",53,84,
,"DRA","ITA",63,125,
,"CMC","ITA",71,91,
,"HOR","USA",31,71,
,"DRA","ITA",77,102,
,"SEN","ITA",85,108,
,"DRA","ITA",90,80,
,"COM","USA",78,94,
,"FAN","USA",88,110,
,"AVV","USA",74,120,
,"COM","USA",87,98,
,"COM","ITA",91,92,
,"DRA","ITA",87,90,
,"DRA","ITA",92,95,
,"COM","USA",53,91,
,"COM","ITA",82,118,
,"COM","USA",87,102,
,"DRA","ITA",93,88,
,"DRA","ITA",92,134,
,"COM","ITA",66,112,
,"WES","ITA",65,126,
,"GIA","ITA",90,96,
,"DRA","ITA",82,102,
,"CMC","USA",31,74,
,"AVV","ITA",61,90,
,"WES","USA",65,120,
,"COM","USA",58,102,
,"FAN","USA",82,112,
,"COM","GB",60,92,
,"DRA","FRA",80,128,
,"DRA","FRA",88,104,
,"DRA","ITA",60,106,
,"COM","USA",39,90,
,"COM","ITA",89,,
,"COM","USA",68,99,
,"DRA","ITA",92,84,
,"COM","ITA",76,115,
,"DRA","ITA",57,90,
,"COM","ITA",57,102,
,"DRA","ITA",71,115,
,"COM","ITA",54,94,
,"DRA","USA",83,113,
,"DRA","USA",62,153,
,"COM","ITA",83,110,
,"DRA","USA",67,101,
,"COM","ITA",57,100,
,"COM","ITA",89,119,
,"COM","ITA",82,97,
,"COM","FRA",59,108,
,"COM","ITA",67,110,
,"DRA","USA",79,101,
,"DRA","USA",81,158,
,"COM","USA",36,90,
,"DRA","ITA",68,118,
,"COM","ITA",63,100,
,"COM","ITA",62,110,
,"COM","ITA",78,106,
,"DRA","USA",51,112,
,"COM","ITA",92,95,
,"COM","ITA",87,112,
,"COM","USA",55,95,
,"COM","USA",28,69,
,"BIO","USA",53,102,
,"COM","USA",55,105,
,"COM","ITA",66,92,
,"COM","ITA",83,110,
,"DRA","GER",82,120,
,"DRA","ITA",83,120,
,"COM","USA",71,109,
,"COM","FRA",60,112,
,"COM","ITA",59,98,
,"COM","USA",56,102,
,"COM","ITA",76,103,
,"MUS","USA",37,89,
,"COM","ITA",62,101,
,"THR","USA",42,110,
,"MUS","ITA",67,90,
,"COM","USA",79,130,
,"AVV","GB",65,102,
,"COM","USA",89,123,
,"WES","USA",60,160,
,"COM","USA",34,96,
,"COM","USA",73,100,
,"THR","USA",81,107,
,"THR","CAN",84,92,
,"THR","GB",81,108,
,"DRA","USA",41,119,
,"COM","FRA",88,110,
,"AVV","FRA",64,109,
,"DRA","USA",76,118,
,"COM","USA",42,101,
,"CMC","USA",54,103,
,"STO","ITA",64,90,
,"DRA","ITA",90,90,
,"COM","USA",53,96,
,"GRO","GER",87,87,
,"COM","ITA",82,102,
,"FAN","USA",92,107,
,"FAN","USA",79,105,
,"COM","FRA",66,120,
,"FAN","USA",84,108,
,"AVV","USA",77,98,
,"FAN","USA",33,70,
,"AVV","USA",83,103,
,"COM","ITA",91,91,
,"CMC","USA",86,98,
,"DRA","USA",92,118,
,"COM","USA",86,105,
,"DRA","ITA",62,195,
,"COM","ITA",76,118,
,"FAN","GB",66,108,
,"GIA","FRA",75,95,
,"WES","USA",70,121,
,"DRA","USA",80,124,
,"COM","USA",92,114,
,"WES","ITA",64,96,
,"COM","ITA",32,67,
,"DRA","USA",86,111,
,"DRA","ITA",77,105,
,"DRA","USA",91,95,
,"DRA","USA",83,124,
,"COM","USA",92,127,
,"DRA","USA",93,107,
,"MUS","USA",74,126,
,"DRA","USA",90,92,
,"COM","ITA",56,98,
,"DOC","USA",83,83,
,"DRA","ITA",65,105,
,"DRA","GB",89,102,
,"DRA","USA",84,220,
,"COM","USA",65,100,
,"COM","ITA",80,90,
,"HOR","USA",86,100,
,"DRA","USA",85,96,
,"DTA","ITA",60,110,
,"DRA","USA",83,108,
,"COM","USA",79,116,
,"MUS","USA",57,110,
,"COM","ITA",74,108,
,"DRA","ITA",58,127,
,"COM","ITA",67,107,
,"COM","ITA",72,90,
,"DRA","AUS",75,111,
,"AVV","USA",87,119,
,"HOR","USA",90,105,
,"AZI","CIN",87,90,
,"COM","ITA",68,67,
,"HOR","USA",87,87,
,"AVV","USA",60,90,
,"GIA","USA",46,110,
,"GIA","ITA",70,112,
,"COM","USA",89,96,
,"DRA","GB",84,99,
,"GIA","USA",80,96,
,"POL","USA",90,95,
,"THR","USA",91,130,
,"DRA","ITA",93,85,
,"DRA","GB",88,98,
,"WES","USA",56,119,
,"COM","USA",81,110,
,,,,77,
,"DRA","GB",71,134,
,"FAN","USA",68,141,
,"HOR","USA",92,122,
,"DRA","USA",79,130,
,"DRA","USA",83,118,
,"DRA","FRA",90,103,
,"DRA","USA",73,100,
,"POL","ITA",76,92,
,"COM","USA",75,110,
,"DRA","USA",88,120,
,"DRA","USA",36,94,
,"COM","ITA",82,106,
,"COM","ITA",73,142,
,"FAN","USA",84,110,
,"COM","USA",46,118,
,"COM","ITA",59,104,
,"FAN","USA",89,114,
,"COM","ITA",82,112,
,"AVV","FRA",86,76,
,"AVV","USA",94,,
,"FAN","USA",78,135,
,"COM","GB",67,107,
,"COM","ITA",62,225,
,"COM","ITA",57,90,
,"COM","USA",64,113,
,"COM","ITA",82,115,
,"COM","GB",69,100,
,"CMC","ITA",61,89,
,"COM","ITA",58,80,
,"WES","USA",90,173,
,"STO","AUS",80,112,
,"DRA","ITA",50,99,
,"DRA","USA",77,136,
,"DRA","USA",67,107,
,"SPI","GB",87,118,
,"COM","USA",82,136,
,"DRA","GB",86,125,
,"COM","USA",86,104,
,"THR","USA",81,98,
,"DRA","ITA",92,95,
,"DRA","ITA",93,127,
,"COM","USA",83,103,
,"COM","USA",50,103,
,"DRA","USA",55,67,
,"COM","ITA",68,93,
,"THR","USA",74,104,
,"DRA","ITA",83,105,
,"GIA","USA",89,112,
,"STO","GB",93,139,
,"COM","USA",90,81,
,"THR","HOL",83,96,
,"GRO","ITA",79,133,
,"COM","ITA",89,102,
,"COM","ITA",50,76,
,"DRA","USA",62,120,
,"COM","ITA",82,94,
,"CMC","ITA",86,92,
,"DRA","ITA",46,125,
,"COM","GER",81,96,
,"DRA","USA",78,91,
,"DRA","ITA",92,91,
,"COM","USA",87,122,
,"THR","GB",59,105,
,"COM","FRA",80,102,
,"WES","ITA",87,102,
,"COM","USA",73,110,
,"AVV","GB",70,102,
,"FAN","USA",77,135,
,"COM","ITA",65,100,
,"AZI","USA",89,111,
,"COM","ITA",32,90,
,"DRA","ITA",49,100,
,"DRA","ITA",91,120,
,"DRA","ITA",73,92,
,"COM","ITA",91,83,
,"COM","USA",69,103,
,"COM","ITA",82,114,
,"DRA","ITA",81,96,
,"MUS","USA",36,110,
,"DRA","ITA",52,94,
,"MUS","USA",33,89,
,"COM","ITA",83,90,
,"DRA","USA",78,92,
,"COM","ITA",69,124,
,"COM","ITA",58,108,
,"FAN","ITA",74,110,
,"COM","ITA",59,103,
,"COM","ITA",84,118,
,"COM","USA",78,125,
,"COM","ITA",88,73,
,"COM","USA",65,103,
,"COM","ITA",91,102,
,"COM","ITA",91,100,
,"DRA","ITA",92,95,
,"COM","ITA",60,108,
,"DRA","ITA",78,110,
,"DRA","ITA",62,125,
,"COM","ITA",92,102,
,"AVV","FRA",88,93,
,"COM","USA",53,91,
